Workbook

Sheet Propia
B1: JIC | G1: Propias | O1: Propias
E2: IPT JIC | H2: ARG | L2: USA | M2: USA | O2: IPC + IPI Indutrial | Q2: IPC + ENGE ind | S2: IPC + ENGE ind | U2: IPC
B3: TCC | C3: Paridad por ipi + ipc | D3: Paridad por IPC | G3: TCC | H3: IPC | I3: IPT Industria | J3: IPT ENGE | K3: IPT ENGE | L3: IPC | M3: IPT Industrai | O3: Paridad | P3: Sobrevaluación | Q3: Paridad | R3: Sobrevaluación | S3: Paridad | T3: Sobrevaluación | U3: Paridad | V3: Sobrevaluación
H4: 2004=1 | I4: 1997=100 | J4: sin imp | K4: con imp | Q4: Sin imp | S4: Con imp
A5: 1990 | H5: 0.16858592 | L5: 0.9045 | M5: 73.92291
A6: 1991 | B6: 0.95 | C6: 1.69 | D6: 1.59 | E6: 0.647 | G6: 0.95 | H6: 0.45800023 | I6: =I7*E6/E7 -> 59.329216 | J6: =J7*I6/I7 -> 69.660713 | K6: =K7*I6/I7 -> 65.842412 | L6: 0.9426 | M6: 75.612484 | O6: =C6 -> 1.69 | P6: =O6/G6 -> 1.7789474 | Q6: =C6 -> 1.69 | R6: =Q6/G6 -> 1.7789474 | S6: =C6 -> 1.69 | T6: =S6/G6 -> 1.7789474 | U6: =D6 -> 1.59 | V6: =U6/G6 -> 1.6736842
A7: 1992 | B7: 0.99 | C7: 1.9 | D7: 1.93 | E7: 0.737 | G7: 0.99 | H7: 0.57204205 | I7: =I8*E7/E8 -> 67.582121 | J7: =J8*I7/I8 -> 79.350766 | K7: =K8*I7/I8 -> 75.001325 | L7: 0.9709 | M7: 79.605043 | O7: =O6*((H7/H6)/(L7/L6))*((M7/M6)/(I7/I6)) -> 1.8940253 | P7: =O7/G7 -> 1.9131568 | Q7: =Q6*((H7/H6)/(L7/L6))*((M7/M6)/(J7/J6)) -> 1.8940253 | R7: =Q7/G7 -> 1.9131568 | S7: =S6*((H7/H6)/(L7/L6))*((M7/M6)/(K7/K6)) -> 1.8940253 | T7: =S7/G7 -> 1.9131568 | U7: =U6*(H7/H6)/(L7/L6) -> 1.9280235 | V7: =U7/G7 -> 1.9474985
A8: 1993 | B8: 0.99 | C8: 1.97 | D8: 2.07 | E8: 0.785 | G8: 0.99 | H8: 0.63274437 | I8: 71.98367 | J8: 84.518794 | K8: 79.886079 | L8: 1 | M8: 82.204164 | O8: =O7*((H8/H7)/(L8/L7))*((M8/M7)/(I8/I7)) -> 1.9720216 | P8: =O8/G8 -> 1.991941 | Q8: =Q7*((H8/H7)/(L8/L7))*((M8/M7)/(J8/J7)) -> 1.9720216 | R8: =Q8/G8 -> 1.991941 | S8: =S7*((H8/H7)/(L8/L7))*((M8/M7)/(K8/K7)) -> 1.9720216 | T8: =S8/G8 -> 1.991941 | U8: =U7*(H8/H7)/(L8/L7) -> 2.0705568 | V8: =U8/G8 -> 2.0914716
A9: 1994 | B9: 1 | C9: 1.98 | D9: 2.1 | G9: 1 | H9: 0.65917624 | I9: 82.547503 | J9: 99.06571 | K9: 91.674682 | L9: 1.026 | M9: 85.320435 | O9: =O8*((H9/H8)/(L9/L8))*((M9/M8)/(I9/I8)) -> 1.8122865 | P9: =O9/G9 -> 1.8122865 | Q9: =Q8*((H9/H8)/(L9/L8))*((M9/M8)/(J9/J8)) -> 1.7730735 | R9: =Q9/G9 -> 1.7730735 | S9: =S8*((H9/H8)/(L9/L8))*((M9/M8)/(K9/K8)) -> 1.8110002 | T9: =S9/G9 -> 1.8110002 | U9: =U8*(H9/H8)/(L9/L8) -> 2.1023889 | V9: =U9/G9 -> 2.1023889
A10: 1995 | B10: 0.99 | C10: 2.07 | D10: 2.11 | G10: 0.99 | H10: 0.68143068 | I10: 84.240539 | J10: 94.003401 | K10: 86.088607 | L10: 1.055 | M10: 88.411072 | O10: =O9*((H10/H9)/(L10/L9))*((M10/M9)/(I10/I9)) -> 1.850028 | P10: =O10/G10 -> 1.8687151 | Q10: =Q9*((H10/H9)/(L10/L9))*((M10/M9)/(J10/J9)) -> 1.9465931 | R10: =Q10/G10 -> 1.9662556 | S10: =S9*((H10/H9)/(L10/L9))*((M10/M9)/(K10/K9)) -> 2.0090506 | T10: =S10/G10 -> 2.029344 | U10: =U9*(H10/H9)/(L10/L9) -> 2.1136257 | V10: =U10/G10 -> 2.1349755
A11: 1996 | B11: 1 | C11: 1.89 | D11: 2.06 | G11: 1 | H11: 0.68249151 | I11: 94.110664 | J11: 98.592739 | K11: 93.064174 | L11: 1.086 | M11: 93.284375 | O11: =O10*((H11/H10)/(L11/L10))*((M11/M10)/(I11/I10)) -> 1.7000475 | P11: =O11/G11 -> 1.7000475 | Q11: =Q10*((H11/H10)/(L11/L10))*((M11/M10)/(J11/J10)) -> 1.9053478 | R11: =Q11/G11 -> 1.9053478 | S11: =S10*((H11/H10)/(L11/L10))*((M11/M10)/(K11/K10)) -> 1.9078951 | T11: =S11/G11 -> 1.9078951 | U11: =U10*(H11/H10)/(L11/L10) -> 2.0564886 | V11: =U11/G11 -> 2.0564886
A12: 1997 | B12: 1 | C12: 1.79 | D12: 2.02 | G12: 1 | H12: 0.68609908 | I12: 100 | J12: 100 | K12: 100 | L12: 1.111 | M12: 100 | O12: =O11*((H12/H11)/(L12/L11))*((M12/M11)/(I12/I11)) -> 1.6853742 | P12: =O12/G12 -> 1.6853742 | Q12: =Q11*((H12/H11)/(L12/L11))*((M12/M11)/(J12/J11)) -> 1.9788626 | R12: =Q12/G12 -> 1.9788626 | S12: =S11*((H12/H11)/(L12/L11))*((M12/M11)/(K12/K11)) -> 1.8703955 | T12: =S12/G12 -> 1.8703955 | U12: =U11*(H12/H11)/(L12/L11) -> 2.0208387 | V12: =U12/G12 -> 2.0208387
A13: 1998 | B13: 1 | C13: 1.8 | D13: 2.01 | G13: 1 | H13: 0.6924432 | I13: 97.080398 | J13: 105.40486 | K13: 104.37148 | L13: 1.128 | M13: 106.27677 | O13: =O12*((H13/H12)/(L13/L12))*((M13/M12)/(I13/I12)) -> 1.8340257 | P13: =O13/G13 -> 1.8340257 | Q13: =Q12*((H13/H12)/(L13/L12))*((M13/M12)/(J13/J12)) -> 1.9833329 | R13: =Q13/G13 -> 1.9833329 | S13: =S12*((H13/H12)/(L13/L12))*((M13/M12)/(K13/K12)) -> 1.8931814 | T13: =S13/G13 -> 1.8931814 | U13: =U12*(H13/H12)/(L13/L12) -> 2.0087872 | V13: =U13/G13 -> 2.0087872
A14: 1999 | B14: 1 | C14: 1.85 | D14: 1.94 | G14: 1 | H14: 0.68436463 | I14: 94.596914 | J14: 96.727279 | K14: 100.86458 | L14: 1.153 | M14: 113.60723 | O14: =O13*((H14/H13)/(L14/L13))*((M14/M13)/(I14/I13)) -> 1.9454084 | P14: =O14/G14 -> 1.9454084 | Q14: =Q13*((H14/H13)/(L14/L13))*((M14/M13)/(J14/J13)) -> 2.233871 | R14: =Q14/G14 -> 2.233871 | S14: =S13*((H14/H13)/(L14/L13))*((M14/M13)/(K14/K13)) -> 2.0248189 | T14: =S14/G14 -> 2.0248189 | U14: =U13*(H14/H13)/(L14/L13) -> 1.9423036 | V14: =U14/G14 -> 1.9423036
A15: 2000 | B15: 1 | C15: 1.74 | D15: 1.86 | G15: 1 | H15: 0.67793771 | I15: 94.14454 | J15: 105.26128 | K15: 109.76361 | L15: 1.192 | M15: 119.46064 | O15: =O14*((H15/H14)/(L15/L14))*((M15/M14)/(I15/I14)) -> 1.969549 | P15: =O15/G15 -> 1.969549 | Q15: =Q14*((H15/H14)/(L15/L14))*((M15/M14)/(J15/J14)) -> 2.0682954 | R15: =Q15/G15 -> 2.0682954 | S15: =S14*((H15/H14)/(L15/L14))*((M15/M14)/(K15/K14)) -> 1.8747384 | T15: =S15/G15 -> 1.8747384 | U15: =U14*(H15/H14)/(L15/L14) -> 1.8611115 | V15: =U15/G15 -> 1.8611115
A16: 2001 | B16: 1 | C16: 1.79 | D16: 1.79 | G16: 1 | H16: 0.67071426 | I16: 88.349002 | J16: 105.24287 | K16: 108.941 | L16: 1.226 | M16: 122.78976 | O16: =O15*((H16/H15)/(L16/L15))*((M16/M15)/(I16/I15)) -> 2.0750622 | P16: =O16/G16 -> 2.0750622 | Q16: =Q15*((H16/H15)/(L16/L15))*((M16/M15)/(J16/J15)) -> 2.0453112 | R16: =Q16/G16 -> 2.0453112 | S16: =S15*((H16/H15)/(L16/L15))*((M16/M15)/(K16/K15)) -> 1.867577 | T16: =S16/G16 -> 1.867577 | U16: =U15*(H16/H15)/(L16/L15) -> 1.7902181 | V16: =U16/G16 -> 1.7902181
A17: 2002 | B17: 3.14 | C17: 2.4 | D17: 2.22 | G17: 3.14 | H17: 0.84421828 | I17: 79.988317 | J17: 131.5327 | K17: 133.80529 | L17: 1.245 | M17: 134.07299 | O17: =O16*((H17/H16)/(L17/L16))*((M17/M16)/(I17/I16)) -> 3.1018707 | P17: =O17/G17 -> 0.98785691 | Q17: =Q16*((H17/H16)/(L17/L16))*((M17/M16)/(J17/J16)) -> 2.2148066 | R17: =Q17/G17 -> 0.70535241 | S17: =S16*((H17/H16)/(L17/L16))*((M17/M16)/(K17/K16)) -> 2.0578518 | T17: =S17/G17 -> 0.65536681 | U17: =U16*(H17/H16)/(L17/L16) -> 2.2189334 | V17: =U17/G17 -> 0.70666669
A18: 2003 | B18: 2.93 | C18: 2.53 | D18: 2.46 | G18: 2.93 | H18: 0.95770776 | I18: 82.662494 | J18: 128.7609 | K18: 140.48616 | L18: 1.273 | M18: 143.95953 | O18: =O17*((H18/H17)/(L18/L17))*((M18/M17)/(I18/I17)) -> 3.5756917 | P18: =O18/G18 -> 1.2203726 | Q18: =Q17*((H18/H17)/(L18/L17))*((M18/M17)/(J18/J17)) -> 2.6952798 | R18: =Q18/G18 -> 0.91989073 | S18: =S17*((H18/H17)/(L18/L17))*((M18/M17)/(K18/K17)) -> 2.3349208 | T18: =S18/G18 -> 0.79690129 | U18: =U17*(H18/H17)/(L18/L17) -> 2.4618607 | V18: =U18/G18 -> 0.84022549
A19: 2004 | B19: 2.93 | C19: 2.64 | D19: 2.5 | G19: 2.93 | H19: 1 | I19: 90.338934 | J19: 146.52488 | K19: 153.99498 | L19: 1.307 | M19: 150.40394 | O19: =O18*((H19/H18)/(L19/L18))*((M19/M18)/(I19/I18)) -> 3.4764197 | P19: =O19/G19 -> 1.1864914 | Q19: =Q18*((H19/H18)/(L19/L18))*((M19/M18)/(J19/J18)) -> 2.5166052 | R19: =Q19/G19 -> 0.85890961 | S19: =S18*((H19/H18)/(L19/L18))*((M19/M18)/(K19/K18)) -> 2.263277 | T19: =S19/G19 -> 0.77244949 | U19: =U18*(H19/H18)/(L19/L18) -> 2.5037057 | V19: =U19/G19 -> 0.85450707
A20: =A19+1 -> 2005 | G20: 2.9284167 | H20: 1.096424 | I20: 88.878478 | J20: 142.18761 | K20: 154.65523 | L20: 1.3518099 | M20: 157.15477 | O20: =O19*((H20/H19)/(L20/L19))*((M20/M19)/(I20/I19)) -> 3.9139695 | P20: =O20/G20 -> 1.336548 | Q20: =Q19*((H20/H19)/(L20/L19))*((M20/M19)/(J20/J19)) -> 2.8725764 | R20: =Q20/G20 -> 0.98093158 | S20: =S19*((H20/H19)/(L20/L19))*((M20/M19)/(K20/K19)) -> 2.4962412 | T20: =S20/G20 -> 0.85242008 | U20: =U19*(H20/H19)/(L20/L19) -> 2.6541275 | V20: =U20/G20 -> 0.90633534
A21: =A20+1 -> 2006 | G21: 3.07775 | H21: 1.2089396 | I21: 91.964433 | J21: 144.27253 | K21: 156.92362 | L21: 1.3954826 | M21: 160.29438 | O21: =O20*((H21/H20)/(L21/L20))*((M21/M20)/(I21/I20)) -> 4.1209954 | P21: =O21/G21 -> 1.3389636 | Q21: =Q20*((H21/H20)/(L21/L20))*((M21/M20)/(J21/J20)) -> 3.0843076 | R21: =Q21/G21 -> 1.0021307 | S21: =S20*((H21/H20)/(L21/L20))*((M21/M20)/(K21/K20)) -> 2.6802224 | T21: =S21/G21 -> 0.87083823 | U21: =U20*(H21/H20)/(L21/L20) -> 2.8349086 | V21: =U21/G21 -> 0.92109774
A22: =A21+1 -> 2007 | G22: 3.1191667 | H22: 1.4301886 | I22: 100.03275 | J22: 154.87346 | K22: 168.45438 | L22: 1.4352526 | M22: 168.20073 | O22: =O21*((H22/H21)/(L22/L21))*((M22/M21)/(I22/I21)) -> 4.5727158 | P22: =O22/G22 -> 1.4660056 | Q22: =Q21*((H22/H21)/(L22/L21))*((M22/M21)/(J22/J21)) -> 3.4678372 | R22: =Q22/G22 -> 1.1117832 | S22: =S21*((H22/H21)/(L22/L21))*((M22/M21)/(K22/K21)) -> 3.0135001 | T22: =S22/G22 -> 0.96612347 | U22: =U21*(H22/H21)/(L22/L21) -> 3.2607976 | V22: =U22/G22 -> 1.0454066
A23: =A22+1 -> 2008 | G23: 3.1831667 | H23: 1.8171998 | I23: 98.958019 | J23: 155.51686 | K23: 169.15405 | L23: 1.490271 | M23: 166.28774 | O23: =O22*((H23/H22)/(L23/L22))*((M23/M22)/(I23/I22)) -> 5.5920397 | P23: =O23/G23 -> 1.7567537 | Q23: =Q22*((H23/H22)/(L23/L22))*((M23/M22)/(J23/J22)) -> 4.1779484 | R23: =Q23/G23 -> 1.3125132 | S23: =S22*((H23/H22)/(L23/L22))*((M23/M22)/(K23/K22)) -> 3.6305796 | T23: =S23/G23 -> 1.1405559 | U23: =U22*(H23/H22)/(L23/L22) -> 3.9902152 | V23: =U23/G23 -> 1.2535364
A24: =A23+1 -> 2009 | G24: 3.75 | H24: 2.0822574 | I24: 91.364301 | J24: 136.68539 | K24: 154.23329 | L24: 1.4851002 | M24: 166.18724 | O24: =O23*((H24/H23)/(L24/L23))*((M24/M23)/(I24/I23)) -> 6.9602259 | P24: =O24/G24 -> 1.8560602 | Q24: =Q23*((H24/H23)/(L24/L23))*((M24/M23)/(J24/J23)) -> 5.4625709 | R24: =Q24/G24 -> 1.4566856 | S24: =S23*((H24/H23)/(L24/L23))*((M24/M23)/(K24/K23)) -> 4.5757139 | T24: =S24/G24 -> 1.2201904 | U24: =U23*(H24/H23)/(L24/L23) -> 4.5881491 | V24: =U24/G24 -> 1.2235064
A25: =A24+1 -> 2010 | G25: 3.89 | H25: 2.5630419 | I25: 110.38261 | J25: 145.83817 | K25: 161.59825 | L25: 1.5094977 | M25: 182.56289 | O25: =O24*((H25/H24)/(L25/L24))*((M25/M24)/(I25/I24)) -> 7.6640558 | P25: =O25/G25 -> 1.9701943 | Q25: =Q24*((H25/H24)/(L25/L24))*((M25/M24)/(J25/J24)) -> 6.8109457 | R25: =Q25/G25 -> 1.7508858 | S25: =S24*((H25/H24)/(L25/L24))*((M25/M24)/(K25/K24)) -> 5.8097812 | T25: =S25/G25 -> 1.493517 | U25: =U24*(H25/H24)/(L25/L24) -> 5.5562544 | V25: =U25/G25 -> 1.428343
A26: =A25+1 -> 2011 | G26: 4.11 | H26: 3.1636717 | I26: 111.80629 | J26: 150.39454 | K26: 164.73475 | L26: 1.5570928 | M26: 185.0506 | O26: =O25*((H26/H25)/(L26/L25))*((M26/M25)/(I26/I25)) -> 9.1775073 | P26: =O26/G26 -> 2.2329701 | Q26: =Q25*((H26/H25)/(L26/L25))*((M26/M25)/(J26/J25)) -> 8.0108423 | R26: =Q26/G26 -> 1.94911 | S26: =S25*((H26/H25)/(L26/L25))*((M26/M25)/(K26/K25)) -> 6.912623 | T26: =S26/G26 -> 1.6819034 | U26: =U25*(H26/H25)/(L26/L25) -> 6.6486852 | V26: =U26/G26 -> 1.617685
A27: =A26+1 -> 2012 | G27: 4.5525185 | H27: 3.9120057 | I27: 103.2364 | J27: 138.07466 | K27: 162.69797 | L27: 1.5893562 | M27: 186.48146 | O27: =O26*((H27/H26)/(L27/L26))*((M27/M26)/(I27/I26)) -> 12.134017 | P27: =O27/G27 -> 2.6653417 | Q27: =Q26*((H27/H26)/(L27/L26))*((M27/M26)/(J27/J26)) -> 10.652285 | R27: =Q27/G27 -> 2.3398664 | S27: =S26*((H27/H26)/(L27/L26))*((M27/M26)/(K27/K26)) -> 8.5446136 | T27: =S27/G27 -> 1.8768982 | U27: =U26*(H27/H26)/(L27/L26) -> 8.0544725 | V27: =U27/G27 -> 1.7692344
A28: =A27+1 -> 2013 | G28: 5.49 | H28: 4.9091424 | I28: 105.30892 | J28: 138.02823 | K28: 160.76765 | L28: 1.6126493 | M28: 188.12902 | O28: =O27*((H28/H27)/(L28/L27))*((M28/M27)/(I28/I27)) -> 14.841572 | P28: =O28/G28 -> 2.7033829 | Q28: =Q27*((H28/H27)/(L28/L27))*((M28/M27)/(J28/J27)) -> 13.295247 | R28: =Q28/G28 -> 2.4217208 | S28: =S27*((H28/H27)/(L28/L27))*((M28/M27)/(K28/K27)) -> 10.789058 | T28: =S28/G28 -> 1.96522 | U28: =U27*(H28/H27)/(L28/L27) -> 9.9614962 | V28: =U28/G28 -> 1.8144802
A29: =A28+1 -> 2014 | G29: 8.1236 | H29: 6.8027962 | I29: 99.408903 | J29: 135.04194 | K29: 158.33275 | L29: 1.6387851 | M29: 187.27417 | O29: =O28*((H29/H28)/(L29/L28))*((M29/M28)/(I29/I28)) -> 21.342318 | P29: =O29/G29 -> 2.6271996 | Q29: =Q28*((H29/H28)/(L29/L28))*((M29/M28)/(J29/J28)) -> 18.446651 | R29: =Q29/G29 -> 2.2707483 | S29: =S28*((H29/H28)/(L29/L28))*((M29/M28)/(K29/K28)) -> 14.870763 | T29: =S29/G29 -> 1.8305631 | U29: =U28*(H29/H28)/(L29/L28) -> 13.583895 | V29: =U29/G29 -> 1.6721521
A30: =A29+1 -> 2015 | G30: 9.43 | H30: 8.5686951 | I30: 102.5195 | J30: 145.11022 | K30: 160.5523 | L30: 1.647 | M30: 183.98915 | O30: =O29*((H30/H29)/(L30/L29))*((M30/M29)/(I30/I29)) -> 25.481816 | P30: =O30/G30 -> 2.7022074 | Q30: =Q29*((H30/H29)/(L30/L29))*((M30/M29)/(J30/J29)) -> 21.137722 | R30: =Q30/G30 -> 2.2415399 | S30: =S29*((H30/H29)/(L30/L29))*((M30/M29)/(K30/K29)) -> 18.057492 | T30: =S30/G30 -> 1.9148984 | U30: =U29*(H30/H29)/(L30/L29) -> 17.024719 | V30: =U30/G30 -> 1.8053785
A31: =A30+1 -> 2016 | G31: 14.777446 | H31: 12.115232 | I31: 99.170058 | J31: 137.28909 | K31: 151.66151 | L31: 1.6677771 | M31: 182.99238 | O31: =O30*((H31/H30)/(L31/L30))*((M31/M30)/(I31/I30)) -> 36.582193 | P31: =O31/G31 -> 2.4755423 | Q31: =Q30*((H31/H30)/(L31/L30))*((M31/M30)/(J31/J30)) -> 31.026557 | R31: =Q31/G31 -> 2.0995885 | S31: =S30*((H31/H30)/(L31/L30))*((M31/M30)/(K31/K30)) -> 26.546792 | T31: =S31/G31 -> 1.7964397 | U31: =U30*(H31/H30)/(L31/L30) -> 23.771282 | V31: =U31/G31 -> 1.6086191
... A38: =A37+1 -> 2023 | G38: 295.2949 | H38: 267.69791 | I38: 88.487678 | J38: 115.23585 | K38: 114.61515 | L38: 2.0945627 | M38: 176.24785 | O38: =O37*((H38/H37)/(L38/L37))*((M38/M37)/(I38/I37)) -> 694.73024 | P38: =O38/G38 -> 2.3526659 | Q38: =Q37*((H38/H37)/(L38/L37))*((M38/M37)/(J38/J37)) -> 626.36964 | R38: =Q38/G38 -> 2.1211665 | S38: =S37*((H38/H37)/(L38/L37))*((M38/M37)/(K38/K37)) -> 595.24273 | T38: =S38/G38 -> 2.0157569 | U38: =U37*(H38/H37)/(L38/L37) -> 418.22548 | V38: =U38/G38 -> 1.4162977
A39: =A38+1 -> 2024 | G39: 959.27235 | H39: 855.79575 | I39: 82.088881 | J39: =J38 -> 115.23585 | K39: =K38 -> 114.61515 | L39: 2.1081294 | M39: 177.31754 | O39: =O38*((H39/H38)/(L39/L38))*((M39/M38)/(I39/I38)) -> 2393.1162 | P39: =O39/G39 -> 2.4947202 | Q39: =Q38*((H39/H38)/(L39/L38))*((M39/M38)/(J39/J38)) -> 2001.6116 | R39: =Q39/G39 -> 2.0865936 | S39: =S38*((H39/H38)/(L39/L38))*((M39/M38)/(K39/K38)) -> 1902.1432 | T39: =S39/G39 -> 1.9829021 | U39: =U38*(H39/H38)/(L39/L38) -> 1328.4087 | V39: =U39/G39 -> 1.3848087
A40: 45658 | G40: 1069.147 | H40: 874.62326 | I40: =I39 -> 82.088881 | J40: =J39 -> 115.23585 | K40: =K39 -> 114.61515 | L40: =L39 -> 2.1081294 | M40: =M39 -> 177.31754 | O40: =O39*((H40/H39)/(L40/L39))*((M40/M39)/(I40/I39)) -> 2445.7647 | P40: =O40/G40 -> 2.2875851 | Q40: =Q39*((H40/H39)/(L40/L39))*((M40/M39)/(J40/J39)) -> 2045.6471 | R40: =Q40/G40 -> 1.913345 | S40: =S39*((H40/H39)/(L40/L39))*((M40/M39)/(K40/K39)) -> 1943.9904 | T40: =S40/G40 -> 1.8182629 | U40: =U39*(H40/H39)/(L40/L39) -> 1357.6337 | V40: =U40/G40 -> 1.2698289
A41: 45689 | G41: 1085.11 | H41: 895.61422 | I41: =I40 -> 82.088881 | J41: =J40 -> 115.23585 | K41: =K40 -> 114.61515 | L41: =L40 -> 2.1081294 | M41: =M40 -> 177.31754 | O41: =O40*((H41/H40)/(L41/L40))*((M41/M40)/(I41/I40)) -> 2504.4631 | P41: =O41/G41 -> 2.3080269 | Q41: =Q40*((H41/H40)/(L41/L40))*((M41/M40)/(J41/J40)) -> 2094.7426 | R41: =Q41/G41 -> 1.9304426 | S41: =S40*((H41/H40)/(L41/L40))*((M41/M40)/(K41/K40)) -> 1990.6461 | T41: =S41/G41 -> 1.8345109 | U41: =U40*(H41/H40)/(L41/L40) -> 1390.2169 | V41: =U41/G41 -> 1.281176
A42: 45717 | G42: 1105.7756 | H42: 928.75194 | I42: =I41 -> 82.088881 | J42: =J41 -> 115.23585 | K42: =K41 -> 114.61515 | L42: =L41 -> 2.1081294 | M42: =M41 -> 177.31754 | O42: =O41*((H42/H41)/(L42/L41))*((M42/M41)/(I42/I41)) -> 2597.1282 | P42: =O42/G42 -> 2.3486938 | Q42: =Q41*((H42/H41)/(L42/L41))*((M42/M41)/(J42/J41)) -> 2172.2481 | R42: =Q42/G42 -> 1.9644566 | S42: =S41*((H42/H41)/(L42/L41))*((M42/M41)/(K42/K41)) -> 2064.3 | T42: =S42/G42 -> 1.8668346 | U42: =U41*(H42/H41)/(L42/L41) -> 1441.655 | V42: =U42/G42 -> 1.3037501
A43: 45748 | G43: 1145.6658 | H43: 954.757 | I43: =I42 -> 82.088881 | J43: =J42 -> 115.23585 | K43: =K42 -> 114.61515 | L43: =L42 -> 2.1081294 | M43: =M42 -> 177.31754 | O43: =O42*((H43/H42)/(L43/L42))*((M43/M42)/(I43/I42)) -> 2669.8478 | P43: =O43/G43 -> 2.3303897 | Q43: =Q42*((H43/H42)/(L43/L42))*((M43/M42)/(J43/J42)) -> 2233.071 | R43: =Q43/G43 -> 1.949147 | S43: =S42*((H43/H42)/(L43/L42))*((M43/M42)/(K43/K42)) -> 2122.1004 | T43: =S43/G43 -> 1.8522858 | U43: =U42*(H43/H42)/(L43/L42) -> 1482.0213 | V43: =U43/G43 -> 1.2935896
A44: 45778 | G44: 1146.2105 | H44: 969.07835 | I44: =I43 -> 82.088881 | J44: =J43 -> 115.23585 | K44: =K43 -> 114.61515 | L44: =L43 -> 2.1081294 | M44: =M43 -> 177.31754 | O44: =O43*((H44/H43)/(L44/L43))*((M44/M43)/(I44/I43)) -> 2709.8955 | P44: =O44/G44 -> 2.3642214 | Q44: =Q43*((H44/H43)/(L44/L43))*((M44/M43)/(J44/J43)) -> 2266.5671 | R44: =Q44/G44 -> 1.9774439 | S44: =S43*((H44/H43)/(L44/L43))*((M44/M43)/(K44/K43)) -> 2153.9319 | T44: =S44/G44 -> 1.8791765 | U44: =U43*(H44/H43)/(L44/L43) -> 1504.2516 | V44: =U44/G44 -> 1.3123694
A45: 45809 | G45: 1181.1 | H45: 984.58361 | I45: =I44 -> 82.088881 | J45: =J44 -> 115.23585 | K45: =K44 -> 114.61515 | L45: =L44 -> 2.1081294 | M45: =M44 -> 177.31754 | O45: =O44*((H45/H44)/(L45/L44))*((M45/M44)/(I45/I44)) -> 2753.2538 | P45: =O45/G45 -> 2.3310929 | Q45: =Q44*((H45/H44)/(L45/L44))*((M45/M44)/(J45/J44)) -> 2302.8321 | R45: =Q45/G45 -> 1.9497351 | S45: =S44*((H45/H44)/(L45/L44))*((M45/M44)/(K45/K44)) -> 2188.3948 | T45: =S45/G45 -> 1.8528447 | U45: =U44*(H45/H44)/(L45/L44) -> 1528.3196 | V45: =U45/G45 -> 1.2939799

Sheet Largo Plazo
B1: JIC | I1: Propias | Q1: Propias
E2: IPT Arg JIC | F2: IPT USA | J2: ARG | N2: USA | O2: USA | Q2: IPC + IPI Indutrial | U2: IPC + ENGE ind sin imp | Y2: IPC + ENGE ind con imp | AC2: IPC
B3: TCC | C3: Paridad por ipi + ipc | D3: Paridad por IPC | I3: TCC | J3: IPC | K3: IPT Industria | L3: IPT ENGE | M3: IPT ENGE | N3: IPC | O3: IPT Industrai | Q3: TCP arb | R3: TCP arb/TCC | S3: Sobrevaluación | T3: TCP | U3: TCP arb | V3: TCP arb/TCC | W3: Sobrevaluación | X3: TCP | Y3: TCP arb | Z3: TCP arb/TCC | AA3: Sobrevaluación | AB3: TCP | AC3: TCP arb | AD3: TCP arb/TCC | AE3: Sobrevaluación | AF3: TCP
J4: 2004=1 | K4: 1997=100 | L4: sin imp | M4: con imp
A5: Promedio 1959-1972 | I5: =AVERAGE(I30:I43) -> 2.6316429e-11 | J5: =AVERAGE(J30:J43) -> 2.080443e-12 | K5: =AVERAGE(K30:K43) -> 30.463699 | L5: =AVERAGE(L30:L43) -> 35.7686 | M5: =AVERAGE(M30:M43) -> 33.808021 | N5: =AVERAGE(N30:N43) -> 0.23247143 | O5: =AVERAGE(O30:O43) -> 36.246788 | R5: =AVERAGE(R30:R43) -> 0.91451806 | V5: =AVERAGE(V30:V43) -> 0.91451806 | Z5: =AVERAGE(Z30:Z43) -> 0.91451806 | AD5: =AVERAGE(AD30:AD43) -> 0.91249691
A7: =A8-1 -> 1936 | C7: 2.94e-13 | E7: 0.223 | F7: 0.186 | I7: 3.01e-13 | J7: 1.1740506e-14 | K7: =K8*E7/E8 -> 20.448864 | L7: =L8*K7/K8 -> 24.009798 | M7: =M8*K7/K8 -> 22.693752 | N7: 0.09619 | O7: =O8*F7/F8 -> 18.067886 | Q7: =I$5*((J7/J$5)/(N7/N$5))*((O7/O$5)/(K7/K$5)) -> 2.6653169e-13 | R7: =Q7/I7 -> 0.88548736 | S7: =R7/R$5 -> 0.96825573 | T7: =S7*I7 -> 2.9144498e-13 | U7: =I$5*((J7/J$5)/(N7/N$5))*((O7/O$5)/(L7/L$5)) -> 2.6653169e-13 | V7: =U7/I7 -> 0.88548736 | W7: =V7/V$5 -> 0.96825573 | X7: =W7*I7 -> 2.9144498e-13 | Y7: =I$5*((J7/J$5)/(N7/N$5))*((O7/O$5)/(M7/M$5)) -> 2.6653169e-13 | Z7: =Y7/I7 -> 0.88548736 | AA7: =Z7/Z$5 -> 0.96825573 | AB7: =AA7*I7 -> 2.9144498e-13 | AC7: =I$5*((J7/J$5)/(N7/N$5)) -> 3.5891996e-13 | AD7: =AC7/I7 -> 1.1924251 | AE7: =AD7/AD$5 -> 1.3067717 | AF7: =AE7*I7 -> 3.9333827e-13
A8: =A9-1 -> 1937 | C8: 2.87e-13 | E8: 0.225 | F8: 0.185 | I8: 3.03e-13 | J8: 1.2050633e-14 | K8: =K9*E8/E9 -> 20.632262 | L8: =L9*K8/K9 -> 24.225132 | M8: =M9*K8/K9 -> 22.897284 | N8: 0.09965 | O8: =O9*F8/F9 -> 17.970747 | Q8: =I$5*((J8/J$5)/(N8/N$5))*((O8/O$5)/(K8/K$5)) -> 2.6031886e-13 | R8: =Q8/I8 -> 0.85913817 | S8: =R8/R$5 -> 0.93944363 | T8: =S8*I8 -> 2.8465142e-13 | U8: =I$5*((J8/J$5)/(N8/N$5))*((O8/O$5)/(L8/L$5)) -> 2.6031886e-13 | V8: =U8/I8 -> 0.85913817 | W8: =V8/V$5 -> 0.93944363 | X8: =W8*I8 -> 2.8465142e-13 | Y8: =I$5*((J8/J$5)/(N8/N$5))*((O8/O$5)/(M8/M$5)) -> 2.6031886e-13 | Z8: =Y8/I8 -> 0.85913817 | AA8: =Z8/Z$5 -> 0.93944363 | AB8: =AA8*I8 -> 2.8465142e-13 | AC8: =I$5*((J8/J$5)/(N8/N$5)) -> 3.5560942e-13 | AD8: =AC8/I8 -> 1.1736285 | AE8: =AD8/AD$5 -> 1.2861725 | AF8: =AE8*I8 -> 3.8971027e-13
A9: =A10-1 -> 1938 | C9: 2.64e-13 | E9: 0.224 | F9: 0.167 | I9: 3.07e-13 | J9: 1.1968354e-14 | K9: =K10*E9/E10 -> 20.540563 | L9: =L10*K9/K10 -> 24.117465 | M9: =M10*K9/K10 -> 22.795518 | N9: 0.09758 | O9: =O10*F9/F10 -> 16.222242 | Q9: =I$5*((J9/J$5)/(N9/N$5))*((O9/O$5)/(K9/K$5)) -> 2.39401e-13 | R9: =Q9/I9 -> 0.77980781 | S9: =R9/R$5 -> 0.8526981 | T9: =S9*I9 -> 2.6177832e-13 | U9: =I$5*((J9/J$5)/(N9/N$5))*((O9/O$5)/(L9/L$5)) -> 2.39401e-13 | V9: =U9/I9 -> 0.77980781 | W9: =V9/V$5 -> 0.8526981 | X9: =W9*I9 -> 2.6177832e-13 | Y9: =I$5*((J9/J$5)/(N9/N$5))*((O9/O$5)/(M9/M$5)) -> 2.39401e-13 | Z9: =Y9/I9 -> 0.77980781 | AA9: =Z9/Z$5 -> 0.8526981 | AB9: =AA9*I9 -> 2.6177832e-13 | AC9: =I$5*((J9/J$5)/(N9/N$5)) -> 3.6067358e-13 | AD9: =AC9/I9 -> 1.1748325 | AE9: =AD9/AD$5 -> 1.287492 | AF9: =AE9*I9 -> 3.9526006e-13
A10: =A11-1 -> 1939 | C10: 2.9e-13 | E10: 0.226 | F10: 0.179 | I10: 3.27e-13 | J10: 1.2158228e-14 | K10: =K11*E10/E11 -> 20.723961 | L10: =L11*K10/K11 -> 24.332799 | M10: =M11*K10/K11 -> 22.99905 | N10: 0.09619 | O10: =O11*F10/F11 -> 17.387912 | Q10: =I$5*((J10/J$5)/(N10/N$5))*((O10/O$5)/(K10/K$5)) -> 2.6210109e-13 | R10: =Q10/I10 -> 0.80153238 | S10: =R10/R$5 -> 0.8764533 | T10: =S10*I10 -> 2.8660023e-13 | U10: =I$5*((J10/J$5)/(N10/N$5))*((O10/O$5)/(L10/L$5)) -> 2.6210109e-13 | V10: =U10/I10 -> 0.80153238 | W10: =V10/V$5 -> 0.8764533 | X10: =W10*I10 -> 2.8660023e-13 | Y10: =I$5*((J10/J$5)/(N10/N$5))*((O10/O$5)/(M10/M$5)) -> 2.6210109e-13 | Z10: =Y10/I10 -> 0.80153238 | AA10: =Z10/Z$5 -> 0.8764533 | AB10: =AA10*I10 -> 2.8660023e-13 | AC10: =I$5*((J10/J$5)/(N10/N$5)) -> 3.7169016e-13 | AD10: =AC10/I10 -> 1.1366671 | AE10: =AD10/AD$5 -> 1.2456668 | AF10: =AE10*I10 -> 4.0733305e-13
A11: =A12-1 -> 1940 | C11: 3.33e-13 | E11: 0.22 | F11: 0.197 | I11: 3.36e-13 | J11: 1.243038e-14 | K11: =K12*E11/E12 -> 20.173767 | L11: =L12*K11/K12 -> 23.686796 | M11: =M12*K11/K12 -> 22.388455 | N11: 0.09689 | O11: =O12*F11/F12 -> 19.136417 | Q11: =I$5*((J11/J$5)/(N11/N$5))*((O11/O$5)/(K11/K$5)) -> 3.0076886e-13 | R11: =Q11/I11 -> 0.8951454 | S11: =R11/R$5 -> 0.97881654 | T11: =S11*I11 -> 3.2888236e-13 | U11: =I$5*((J11/J$5)/(N11/N$5))*((O11/O$5)/(L11/L$5)) -> 3.0076886e-13 | V11: =U11/I11 -> 0.8951454 | W11: =V11/V$5 -> 0.97881654 | X11: =W11*I11 -> 3.2888236e-13 | Y11: =I$5*((J11/J$5)/(N11/N$5))*((O11/O$5)/(M11/M$5)) -> 3.0076886e-13 | Z11: =Y11/I11 -> 0.8951454 | AA11: =Z11/Z$5 -> 0.97881654 | AB11: =AA11*I11 -> 3.2888236e-13 | AC11: =I$5*((J11/J$5)/(N11/N$5)) -> 3.7726468e-13 | AD11: =AC11/I11 -> 1.1228115 | AE11: =AD11/AD$5 -> 1.2304826 | AF11: =AE11*I11 -> 4.1344214e-13
A12: =A13-1 -> 1941 | C12: 3.58e-13 | E12: 0.206 | F12: 0.204 | I12: 3.36e-13 | J12: 1.2759494e-14 | K12: =K13*E12/E13 -> 18.889982 | L12: =L13*K12/K13 -> 22.179454 | M12: =M13*K12/K13 -> 20.963735 | N12: 0.1017 | O12: =O13*F12/F13 -> 19.816391 | Q12: =I$5*((J12/J$5)/(N12/N$5))*((O12/O$5)/(K12/K$5)) -> 3.2528146e-13 | R12: =Q12/I12 -> 0.96809959 | S12: =R12/R$5 -> 1.0585899 | T12: =S12*I12 -> 3.5568621e-13 | U12: =I$5*((J12/J$5)/(N12/N$5))*((O12/O$5)/(L12/L$5)) -> 3.2528146e-13 | V12: =U12/I12 -> 0.96809959 | W12: =V12/V$5 -> 1.0585899 | X12: =W12*I12 -> 3.5568621e-13 | Y12: =I$5*((J12/J$5)/(N12/N$5))*((O12/O$5)/(M12/M$5)) -> 3.2528146e-13 | Z12: =Y12/I12 -> 0.96809959 | AA12: =Z12/Z$5 -> 1.0585899 | AB12: =AA12*I12 -> 3.5568621e-13 | AC12: =I$5*((J12/J$5)/(N12/N$5)) -> 3.6893783e-13 | AD12: =AC12/I12 -> 1.0980293 | AE12: =AD12/AD$5 -> 1.2033238 | AF12: =AE12*I12 -> 4.043168e-13
A13: =A14-1 -> 1942 | C13: 3.56e-13 | E13: 0.196 | F13: 0.202 | I13: 3.36e-13 | J13: 1.3487342e-14 | K13: =K14*E13/E14 -> 17.972993 | L13: =L14*K13/K14 -> 21.102782 | M13: =M14*K13/K14 -> 19.946078 | N13: 0.1128 | O13: =O14*F13/F14 -> 19.622113 | Q13: =I$5*((J13/J$5)/(N13/N$5))*((O13/O$5)/(K13/K$5)) -> 3.2262383e-13 | R13: =Q13/I13 -> 0.96018996 | S13: =R13/R$5 -> 1.0499409 | T13: =S13*I13 -> 3.5278016e-13 | U13: =I$5*((J13/J$5)/(N13/N$5))*((O13/O$5)/(L13/L$5)) -> 3.2262383e-13 | V13: =U13/I13 -> 0.96018996 | W13: =V13/V$5 -> 1.0499409 | X13: =W13*I13 -> 3.5278016e-13 | Y13: =I$5*((J13/J$5)/(N13/N$5))*((O13/O$5)/(M13/M$5)) -> 3.2262383e-13 | Z13: =Y13/I13 -> 0.96018996 | AA13: =Z13/Z$5 -> 1.0499409 | AB13: =AA13*I13 -> 3.5278016e-13 | AC13: =I$5*((J13/J$5)/(N13/N$5)) -> 3.5160737e-13 | AD13: =AC13/I13 -> 1.0464505 | AE13: =AD13/AD$5 -> 1.1467989 | AF13: =AE13*I13 -> 3.8532445e-13
A14: =A15-1 -> 1943 | C14: 3.9e-13 | E14: 0.182 | F14: 0.215 | I14: 3.36e-13 | J14: 1.3632911e-14 | K14: =K15*E14/E15 -> 16.689208 | L14: =L15*K14/K15 -> 19.59544 | M14: =M15*K14/K15 -> 18.521359 | N14: 0.1197 | O14: =O15*F14/F15 -> 20.884922 | Q14: =I$5*((J14/J$5)/(N14/N$5))*((O14/O$5)/(K14/K$5)) -> 3.5224546e-13 | R14: =Q14/I14 -> 1.0483496 | S14: =R14/R$5 -> 1.1463411 | T14: =S14*I14 -> 3.8517059e-13 | U14: =I$5*((J14/J$5)/(N14/N$5))*((O14/O$5)/(L14/L$5)) -> 3.5224546e-13 | V14: =U14/I14 -> 1.0483496 | W14: =V14/V$5 -> 1.1463411 | X14: =W14*I14 -> 3.8517059e-13 | Y14: =I$5*((J14/J$5)/(N14/N$5))*((O14/O$5)/(M14/M$5)) -> 3.5224546e-13 | Z14: =Y14/I14 -> 1.0483496 | AA14: =Z14/Z$5 -> 1.1463411 | AB14: =AA14*I14 -> 3.8517059e-13 | AC14: =I$5*((J14/J$5)/(N14/N$5)) -> 3.3491544e-13 | AD14: =AC14/I14 -> 0.99677214 | AE14: =AD14/AD$5 -> 1.0923567 | AF14: =AE14*I14 -> 3.6703186e-13
A15: =A16-1 -> 1944 | C15: 4.1e-13 | E15: 0.188 | F15: 0.239 | I15: 3.36e-13 | J15: 1.3594937e-14 | K15: =K16*E15/E16 -> 17.239401 | L15: =L16*K15/K16 -> 20.241444 | M15: =M16*K15/K16 -> 19.131953 | N15: 0.1218 | O15: =O16*F15/F16 -> 23.216262 | Q15: =I$5*((J15/J$5)/(N15/N$5))*((O15/O$5)/(K15/K$5)) -> 3.7149573e-13 | R15: =Q15/I15 -> 1.1056421 | S15: =R15/R$5 -> 1.2089888 | T15: =S15*I15 -> 4.0622023e-13 | U15: =I$5*((J15/J$5)/(N15/N$5))*((O15/O$5)/(L15/L$5)) -> 3.7149573e-13 | V15: =U15/I15 -> 1.1056421 | W15: =V15/V$5 -> 1.2089888 | X15: =W15*I15 -> 4.0622023e-13 | Y15: =I$5*((J15/J$5)/(N15/N$5))*((O15/O$5)/(M15/M$5)) -> 3.7149573e-13 | Z15: =Y15/I15 -> 1.1056421 | AA15: =Z15/Z$5 -> 1.2089888 | AB15: =AA15*I15 -> 4.0622023e-13 | AC15: =I$5*((J15/J$5)/(N15/N$5)) -> 3.2822421e-13 | AD15: =AC15/I15 -> 0.97685776 | AE15: =AD15/AD$5 -> 1.0705327 | AF15: =AE15*I15 -> 3.5969898e-13
A16: =A17-1 -> 1945 | C16: 4.77e-13 | E16: 0.179 | F16: 0.227 | I16: 3.36e-13 | J16: 1.6278481e-14 | K16: =K17*E16/E17 -> 16.414111 | L16: =L17*K16/K17 -> 19.272438 | M16: =M17*K16/K17 -> 18.216061 | N16: 0.1246 | O16: =O17*F16/F17 -> 22.050592 | Q16: =I$5*((J16/J$5)/(N16/N$5))*((O16/O$5)/(K16/K$5)) -> 4.3376303e-13 | R16: =Q16/I16 -> 1.2909614 | S16: =R16/R$5 -> 1.4116303 | T16: =S16*I16 -> 4.7430778e-13 | U16: =I$5*((J16/J$5)/(N16/N$5))*((O16/O$5)/(L16/L$5)) -> 4.3376303e-13 | V16: =U16/I16 -> 1.2909614 | W16: =V16/V$5 -> 1.4116303 | X16: =W16*I16 -> 4.7430778e-13 | Y16: =I$5*((J16/J$5)/(N16/N$5))*((O16/O$5)/(M16/M$5)) -> 4.3376303e-13 | Z16: =Y16/I16 -> 1.2909614 | AA16: =Z16/Z$5 -> 1.4116303 | AB16: =AA16*I16 -> 4.7430778e-13 | AC16: =I$5*((J16/J$5)/(N16/N$5)) -> 3.8418158e-13 | AD16: =AC16/I16 -> 1.1433976 | AE16: =AD16/AD$5 -> 1.2530427 | AF16: =AE16*I16 -> 4.2102234e-13
A17: =A18-1 -> 1946 | C17: 4.36e-13 | E17: 0.188 | F17: 0.2 | I17: 3.36e-13 | J17: 1.9151899e-14 | K17: =K18*E17/E18 -> 17.239401 | L17: =L18*K17/K18 -> 20.241444 | M17: =M18*K17/K18 -> 19.131953 | N17: 0.1349 | O17: =O18*F17/F18 -> 19.427834 | Q17: =I$5*((J17/J$5)/(N17/N$5))*((O17/O$5)/(K17/K$5)) -> 3.9541752e-13 | R17: =Q17/I17 -> 1.1768379 | S17: =R17/R$5 -> 1.2868394 | T17: =S17*I17 -> 4.3237803e-13 | U17: =I$5*((J17/J$5)/(N17/N$5))*((O17/O$5)/(L17/L$5)) -> 3.9541752e-13 | V17: =U17/I17 -> 1.1768379 | W17: =V17/V$5 -> 1.2868394 | X17: =W17*I17 -> 4.3237803e-13 | Y17: =I$5*((J17/J$5)/(N17/N$5))*((O17/O$5)/(M17/M$5)) -> 3.9541752e-13 | Z17: =Y17/I17 -> 1.1768379 | AA17: =Z17/Z$5 -> 1.2868394 | AB17: =AA17*I17 -> 4.3237803e-13 | AC17: =I$5*((J17/J$5)/(N17/N$5)) -> 4.1748473e-13 | AD17: =AC17/I17 -> 1.2425141 | AE17: =AD17/AD$5 -> 1.3616639 | AF17: =AE17*I17 -> 4.5751906e-13
A18: =A19-1 -> 1947 | C18: 4.19e-13 | E18: 0.205 | F18: 0.211 | I18: 3.36e-13 | J18: 2.1746835e-14 | K18: =K19*E18/E19 -> 18.798283 | L18: =L19*K18/K19 -> 22.071787 | M18: =M19*K18/K19 -> 20.86197 | N18: 0.1543 | O18: =O19*F18/F19 -> 20.496365 | Q18: =I$5*((J18/J$5)/(N18/N$5))*((O18/O$5)/(K18/K$5)) -> 3.797892e-13 | R18: =Q18/I18 -> 1.130325 | S18: =R18/R$5 -> 1.2359789 | T18: =S18*I18 -> 4.152889e-13 | U18: =I$5*((J18/J$5)/(N18/N$5))*((O18/O$5)/(L18/L$5)) -> 3.797892e-13 | V18: =U18/I18 -> 1.130325 | W18: =V18/V$5 -> 1.2359789 | X18: =W18*I18 -> 4.152889e-13 | Y18: =I$5*((J18/J$5)/(N18/N$5))*((O18/O$5)/(M18/M$5)) -> 3.797892e-13 | Z18: =Y18/I18 -> 1.130325 | AA18: =Z18/Z$5 -> 1.2359789 | AB18: =AA18*I18 -> 4.152889e-13 | AC18: =I$5*((J18/J$5)/(N18/N$5)) -> 4.1444876e-13 | AD18: =AC18/I18 -> 1.2334785 | AE18: =AD18/AD$5 -> 1.3517618 | AF18: =AE18*I18 -> 4.5419196e-13
... A60: =A61-1 -> 1989 | C60: 0.0297 | E60: 0.585 | F60: 0.739 | I60: 0.0394 | J60: 0.0069873418 | K60: =K61*E60/E61 -> 53.643882 | L60: =L61*K60/K61 -> 62.985343 | M60: =M61*K60/K61 -> 59.532938 | N60: 0.8581 | O60: =O61*F60/F61 -> 71.785848 | Q60: =I$5*((J60/J$5)/(N60/N$5))*((O60/O$5)/(K60/K$5)) -> 0.026930631 | R60: =Q60/I60 -> 0.68351856 | S60: =R60/R$5 -> 0.74740849 | T60: =S60*I60 -> 0.029447894 | U60: =I$5*((J60/J$5)/(N60/N$5))*((O60/O$5)/(L60/L$5)) -> 0.026930631 | V60: =U60/I60 -> 0.68351856 | W60: =V60/V$5 -> 0.74740849 | X60: =W60*I60 -> 0.029447894 | Y60: =I$5*((J60/J$5)/(N60/N$5))*((O60/O$5)/(M60/M$5)) -> 0.026930631 | Z60: =Y60/I60 -> 0.68351856 | AA60: =Z60/Z$5 -> 0.74740849 | AB60: =AA60*I60 -> 0.029447894 | AC60: =I$5*((J60/J$5)/(N60/N$5)) -> 0.023944997 | AD60: =AC60/I60 -> 0.60774104 | AE60: =AD60/AD$5 -> 0.66601984 | AF60: =AE60*I60 -> 0.026241181
A61: 1990 | C61: 0.733 | E61: 0.559 | F61: 0.761 | I61: 0.449 | J61: 0.16858592 | K61: =K62*E61/E62 -> 51.259709 | L61: =L62*K61/K62 -> 60.185995 | M61: =M62*K61/K62 -> 56.88703 | N61: 0.9045 | O61: 73.92291 | Q61: =I$5*((J61/J$5)/(N61/N$5))*((O61/O$5)/(K61/K$5)) -> 0.66430794 | R61: =Q61/I61 -> 1.4795277 | S61: =R61/R$5 -> 1.6178223 | T61: =S61*I61 -> 0.72640221 | U61: =I$5*((J61/J$5)/(N61/N$5))*((O61/O$5)/(L61/L$5)) -> 0.66430794 | V61: =U61/I61 -> 1.4795277 | W61: =V61/V$5 -> 1.6178223 | X61: =W61*I61 -> 0.72640221 | Y61: =I$5*((J61/J$5)/(N61/N$5))*((O61/O$5)/(M61/M$5)) -> 0.66430794 | Z61: =Y61/I61 -> 1.4795277 | AA61: =Z61/Z$5 -> 1.6178223 | AB61: =AA61*I61 -> 0.72640221 | AC61: =I$5*((J61/J$5)/(N61/N$5)) -> 0.54809195 | AD61: =AC61/I61 -> 1.2206948 | AE61: =AD61/AD$5 -> 1.3377522 | AF61: =AE61*I61 -> 0.60065075
A62: 1991 | B62: 0.95 | C62: 1.69 | D62: 1.59 | E62: 0.647 | I62: 0.95 | J62: 0.45800023 | K62: =K63*E62/E63 -> 59.329216 | L62: =L63*K62/K63 -> 69.660713 | M62: =M63*K62/K63 -> 65.842412 | N62: 0.9426 | O62: 75.612484 | Q62: =I$5*((J62/J$5)/(N62/N$5))*((O62/O$5)/(K62/K$5)) -> 1.5304423 | R62: =Q62/I62 -> 1.6109919 | S62: =R62/R$5 -> 1.7615747 | T62: =S62*I62 -> 1.673496 | U62: =I$5*((J62/J$5)/(N62/N$5))*((O62/O$5)/(L62/L$5)) -> 1.5304423 | V62: =U62/I62 -> 1.6109919 | W62: =V62/V$5 -> 1.7615747 | X62: =W62*I62 -> 1.673496 | Y62: =I$5*((J62/J$5)/(N62/N$5))*((O62/O$5)/(M62/M$5)) -> 1.5304423 | Z62: =Y62/I62 -> 1.6109919 | AA62: =Z62/Z$5 -> 1.7615747 | AB62: =AA62*I62 -> 1.673496 | AC62: =I$5*((J62/J$5)/(N62/N$5)) -> 1.4288247 | AD62: =AC62/I62 -> 1.504026 | AE62: =AD62/AD$5 -> 1.6482533 | AF62: =AE62*I62 -> 1.5658406
A63: 1992 | B63: 0.99 | C63: 1.9 | D63: 1.93 | E63: 0.737 | I63: 0.99 | J63: 0.57204205 | K63: =K64*E63/E64 -> 67.582121 | L63: =L64*K63/K64 -> 79.350766 | M63: =M64*K63/K64 -> 75.001325 | N63: 0.9709 | O63: 79.605043 | Q63: =I$5*((J63/J$5)/(N63/N$5))*((O63/O$5)/(K63/K$5)) -> 1.715205 | R63: =Q63/I63 -> 1.7325303 | S63: =R63/R$5 -> 1.8944735 | T63: =S63*I63 -> 1.8755288 | U63: =I$5*((J63/J$5)/(N63/N$5))*((O63/O$5)/(L63/L$5)) -> 1.715205 | V63: =U63/I63 -> 1.7325303 | W63: =V63/V$5 -> 1.8944735 | X63: =W63*I63 -> 1.8755288 | Y63: =I$5*((J63/J$5)/(N63/N$5))*((O63/O$5)/(M63/M$5)) -> 1.715205 | Z63: =Y63/I63 -> 1.7325303 | AA63: =Z63/Z$5 -> 1.8944735 | AB63: =AA63*I63 -> 1.8755288 | AC63: =I$5*((J63/J$5)/(N63/N$5)) -> 1.7325834 | AD63: =AC63/I63 -> 1.7500843 | AE63: =AD63/AD$5 -> 1.9179071 | AF63: =AE63*I63 -> 1.898728
A64: 1993 | B64: 0.99 | C64: 1.97 | D64: 2.07 | E64: 0.785 | I64: 0.99 | J64: 0.63274437 | K64: 71.98367 | L64: 84.518794 | M64: 79.886079 | N64: 1 | O64: 82.204164 | Q64: =I$5*((J64/J$5)/(N64/N$5))*((O64/O$5)/(K64/K$5)) -> 1.7858375 | R64: =Q64/I64 -> 1.8038762 | S64: =R64/R$5 -> 1.9724884 | T64: =S64*I64 -> 1.9527635 | U64: =I$5*((J64/J$5)/(N64/N$5))*((O64/O$5)/(L64/L$5)) -> 1.7858375 | V64: =U64/I64 -> 1.8038762 | W64: =V64/V$5 -> 1.9724884 | X64: =W64*I64 -> 1.9527635 | Y64: =I$5*((J64/J$5)/(N64/N$5))*((O64/O$5)/(M64/M$5)) -> 1.7858375 | Z64: =Y64/I64 -> 1.8038762 | AA64: =Z64/Z$5 -> 1.9724884 | AB64: =AA64*I64 -> 1.9527635 | AC64: =I$5*((J64/J$5)/(N64/N$5)) -> 1.8606685 | AD64: =AC64/I64 -> 1.8794631 | AE64: =AD64/AD$5 -> 2.0596925 | AF64: =AE64*I64 -> 2.0390956
A65: 1994 | B65: 1 | C65: 1.98 | D65: 2.1 | I65: 1 | J65: 0.65917624 | K65: 82.547503 | L65: 99.06571 | M65: 91.674682 | N65: 1.026 | O65: 85.320435 | Q65: =I$5*((J65/J$5)/(N65/N$5))*((O65/O$5)/(K65/K$5)) -> 1.6411834 | R65: =Q65/I65 -> 1.6411834 | S65: =R65/R$5 -> 1.7945883 | T65: =S65*I65 -> 1.7945883 | U65: =I$5*((J65/J$5)/(N65/N$5))*((O65/O$5)/(L65/L$5)) -> 1.6056726 | V65: =U65/I65 -> 1.6056726 | W65: =V65/V$5 -> 1.7557582 | X65: =W65*I65 -> 1.7557582 | Y65: =I$5*((J65/J$5)/(N65/N$5))*((O65/O$5)/(M65/M$5)) -> 1.6400186 | Z65: =Y65/I65 -> 1.6400186 | AA65: =Z65/Z$5 -> 1.7933146 | AB65: =AA65*I65 -> 1.7933146 | AC65: =I$5*((J65/J$5)/(N65/N$5)) -> 1.8892737 | AD65: =AC65/I65 -> 1.8892737 | AE65: =AD65/AD$5 -> 2.070444 | AF65: =AE65*I65 -> 2.070444
A66: 1995 | B66: 0.99 | C66: 2.07 | D66: 2.11 | I66: 0.99 | J66: 0.68143068 | K66: 84.240539 | L66: 94.003401 | M66: 86.088607 | N66: 1.055 | O66: 88.411072 | Q66: =I$5*((J66/J$5)/(N66/N$5))*((O66/O$5)/(K66/K$5)) -> 1.6753616 | R66: =Q66/I66 -> 1.6922844 | S66: =R66/R$5 -> 1.8504658 | T66: =S66*I66 -> 1.8319612 | U66: =I$5*((J66/J$5)/(N66/N$5))*((O66/O$5)/(L66/L$5)) -> 1.7628097 | V66: =U66/I66 -> 1.7806158 | W66: =V66/V$5 -> 1.9470538 | X66: =W66*I66 -> 1.9275832 | Y66: =I$5*((J66/J$5)/(N66/N$5))*((O66/O$5)/(M66/M$5)) -> 1.8193704 | Z66: =Y66/I66 -> 1.8377479 | AA66: =Z66/Z$5 -> 2.0095261 | AB66: =AA66*I66 -> 1.9894308 | AC66: =I$5*((J66/J$5)/(N66/N$5)) -> 1.8993715 | AD66: =AC66/I66 -> 1.9185571 | AE66: =AD66/AD$5 -> 2.1025355 | AF66: =AE66*I66 -> 2.0815101
A67: 1996 | B67: 1 | C67: 1.89 | D67: 2.06 | I67: 1 | J67: 0.68249151 | K67: 94.110664 | L67: 98.592739 | M67: 93.064174 | N67: 1.086 | O67: 93.284375 | Q67: =I$5*((J67/J$5)/(N67/N$5))*((O67/O$5)/(K67/K$5)) -> 1.5395412 | R67: =Q67/I67 -> 1.5395412 | S67: =R67/R$5 -> 1.6834453 | T67: =S67*I67 -> 1.6834453 | U67: =I$5*((J67/J$5)/(N67/N$5))*((O67/O$5)/(L67/L$5)) -> 1.7254585 | V67: =U67/I67 -> 1.7254585 | W67: =V67/V$5 -> 1.8867408 | X67: =W67*I67 -> 1.8867408 | Y67: =I$5*((J67/J$5)/(N67/N$5))*((O67/O$5)/(M67/M$5)) -> 1.7277653 | Z67: =Y67/I67 -> 1.7277653 | AA67: =Z67/Z$5 -> 1.8892631 | AB67: =AA67*I67 -> 1.8892631 | AC67: =I$5*((J67/J$5)/(N67/N$5)) -> 1.8480262 | AD67: =AC67/I67 -> 1.8480262 | AE67: =AD67/AD$5 -> 2.0252411 | AF67: =AE67*I67 -> 2.0252411
A68: 1997 | B68: 1 | C68: 1.79 | D68: 2.02 | I68: 1 | J68: 0.68609908 | K68: 100 | L68: 100 | M68: 100 | N68: 1.111 | O68: 100 | Q68: =I$5*((J68/J$5)/(N68/N$5))*((O68/O$5)/(K68/K$5)) -> 1.5262532 | R68: =Q68/I68 -> 1.5262532 | S68: =R68/R$5 -> 1.6689153 | T68: =S68*I68 -> 1.6689153 | U68: =I$5*((J68/J$5)/(N68/N$5))*((O68/O$5)/(L68/L$5)) -> 1.7920325 | V68: =U68/I68 -> 1.7920325 | W68: =V68/V$5 -> 1.9595376 | X68: =W68*I68 -> 1.9595376 | Y68: =I$5*((J68/J$5)/(N68/N$5))*((O68/O$5)/(M68/M$5)) -> 1.6938062 | Z68: =Y68/I68 -> 1.6938062 | AA68: =Z68/Z$5 -> 1.8521298 | AB68: =AA68*I68 -> 1.8521298 | AC68: =I$5*((J68/J$5)/(N68/N$5)) -> 1.8159901 | AD68: =AC68/I68 -> 1.8159901 | AE68: =AD68/AD$5 -> 1.9901329 | AF68: =AE68*I68 -> 1.9901329
A69: 1998 | B69: 1 | C69: 1.8 | D69: 2.01 | I69: 1 | J69: 0.6924432 | K69: 97.080398 | L69: 105.40486 | M69: 104.37148 | N69: 1.128 | O69: 106.27677 | Q69: =I$5*((J69/J$5)/(N69/N$5))*((O69/O$5)/(K69/K$5)) -> 1.6608701 | R69: =Q69/I69 -> 1.6608701 | S69: =R69/R$5 -> 1.8161151 | T69: =S69*I69 -> 1.8161151 | U69: =I$5*((J69/J$5)/(N69/N$5))*((O69/O$5)/(L69/L$5)) -> 1.7960808 | V69: =U69/I69 -> 1.7960808 | W69: =V69/V$5 -> 1.9639643 | X69: =W69*I69 -> 1.9639643 | Y69: =I$5*((J69/J$5)/(N69/N$5))*((O69/O$5)/(M69/M$5)) -> 1.7144408 | Z69: =Y69/I69 -> 1.7144408 | AA69: =Z69/Z$5 -> 1.8746932 | AB69: =AA69*I69 -> 1.8746932 | AC69: =I$5*((J69/J$5)/(N69/N$5)) -> 1.8051602 | AD69: =AC69/I69 -> 1.8051602 | AE69: =AD69/AD$5 -> 1.9782645 | AF69: =AE69*I69 -> 1.9782645
A70: 1999 | B70: 1 | C70: 1.85 | D70: 1.94 | I70: 1 | J70: 0.68436463 | K70: 94.596914 | L70: 96.727279 | M70: 100.86458 | N70: 1.153 | O70: 113.60723 | Q70: =I$5*((J70/J$5)/(N70/N$5))*((O70/O$5)/(K70/K$5)) -> 1.7617369 | R70: =Q70/I70 -> 1.7617369 | S70: =R70/R$5 -> 1.9264102 | T70: =S70*I70 -> 1.9264102 | U70: =I$5*((J70/J$5)/(N70/N$5))*((O70/O$5)/(L70/L$5)) -> 2.0229649 | V70: =U70/I70 -> 2.0229649 | W70: =V70/V$5 -> 2.2120557 | X70: =W70*I70 -> 2.2120557 | Y70: =I$5*((J70/J$5)/(N70/N$5))*((O70/O$5)/(M70/M$5)) -> 1.83365 | Z70: =Y70/I70 -> 1.83365 | AA70: =Z70/Z$5 -> 2.0050452 | AB70: =AA70*I70 -> 2.0050452 | AC70: =I$5*((J70/J$5)/(N70/N$5)) -> 1.745416 | AD70: =AC70/I70 -> 1.745416 | AE70: =AD70/AD$5 -> 1.9127911 | AF70: =AE70*I70 -> 1.9127911
A71: 2000 | B71: 1 | C71: 1.74 | D71: 1.86 | I71: 1 | J71: 0.67793771 | K71: 94.14454 | L71: 105.26128 | M71: 109.76361 | N71: 1.192 | O71: 119.46064 | Q71: =I$5*((J71/J$5)/(N71/N$5))*((O71/O$5)/(K71/K$5)) -> 1.7835983 | R71: =Q71/I71 -> 1.7835983 | S71: =R71/R$5 -> 1.950315 | T71: =S71*I71 -> 1.950315 | U71: =I$5*((J71/J$5)/(N71/N$5))*((O71/O$5)/(L71/L$5)) -> 1.8730218 | V71: =U71/I71 -> 1.8730218 | W71: =V71/V$5 -> 2.0480971 | X71: =W71*I71 -> 2.0480971 | Y71: =I$5*((J71/J$5)/(N71/N$5))*((O71/O$5)/(M71/M$5)) -> 1.697739 | Z71: =Y71/I71 -> 1.697739 | AA71: =Z71/Z$5 -> 1.8564302 | AB71: =AA71*I71 -> 1.8564302 | AC71: =I$5*((J71/J$5)/(N71/N$5)) -> 1.6724542 | AD71: =AC71/I71 -> 1.6724542 | AE71: =AD71/AD$5 -> 1.8328327 | AF71: =AE71*I71 -> 1.8328327
A72: 2001 | B72: 1 | C72: 1.79 | D72: 1.79 | I72: 1 | J72: 0.67071426 | K72: 88.349002 | L72: 105.24287 | M72: 108.941 | N72: 1.226 | O72: 122.78976 | Q72: =I$5*((J72/J$5)/(N72/N$5))*((O72/O$5)/(K72/K$5)) -> 1.8791496 | R72: =Q72/I72 -> 1.8791496 | S72: =R72/R$5 -> 2.0547977 | T72: =S72*I72 -> 2.0547977 | U72: =I$5*((J72/J$5)/(N72/N$5))*((O72/O$5)/(L72/L$5)) -> 1.8522076 | V72: =U72/I72 -> 1.8522076 | W72: =V72/V$5 -> 2.0253373 | X72: =W72*I72 -> 2.0253373 | Y72: =I$5*((J72/J$5)/(N72/N$5))*((O72/O$5)/(M72/M$5)) -> 1.6912537 | Z72: =Y72/I72 -> 1.6912537 | AA72: =Z72/Z$5 -> 1.8493388 | AB72: =AA72*I72 -> 1.8493388 | AC72: =I$5*((J72/J$5)/(N72/N$5)) -> 1.6087471 | AD72: =AC72/I72 -> 1.6087471 | AE72: =AD72/AD$5 -> 1.7630165 | AF72: =AE72*I72 -> 1.7630165
A73: 2002 | B73: 3.14 | C73: 2.4 | D73: 2.22 | I73: 3.14 | J73: 0.84421828 | K73: 79.988317 | L73: 131.5327 | M73: 133.80529 | N73: 1.245 | O73: 134.07299 | Q73: =I$5*((J73/J$5)/(N73/N$5))*((O73/O$5)/(K73/K$5)) -> 2.8090143 | R73: =Q73/I73 -> 0.89459053 | S73: =R73/R$5 -> 0.9782098 | T73: =S73*I73 -> 3.0715788 | U73: =I$5*((J73/J$5)/(N73/N$5))*((O73/O$5)/(L73/L$5)) -> 2.0057004 | V73: =U73/I73 -> 0.63875809 | W73: =V73/V$5 -> 0.69846416 | X73: =W73*I73 -> 2.1931775 | Y73: =I$5*((J73/J$5)/(N73/N$5))*((O73/O$5)/(M73/M$5)) -> 1.8635642 | Z73: =Y73/I73 -> 0.59349177 | AA73: =Z73/Z$5 -> 0.6489667 | AB73: =AA73*I73 -> 2.0377554 | AC73: =I$5*((J73/J$5)/(N73/N$5)) -> 1.9940044 | AD73: =AC73/I73 -> 0.63503324 | AE73: =AD73/AD$5 -> 0.69592919 | AF73: =AE73*I73 -> 2.1852177
A74: 2003 | B74: 2.93 | C74: 2.53 | D74: 2.46 | I74: 2.93 | J74: 0.95770776 | K74: 82.662494 | L74: 128.7609 | M74: 140.48616 | N74: 1.273 | O74: 143.95953 | Q74: =I$5*((J74/J$5)/(N74/N$5))*((O74/O$5)/(K74/K$5)) -> 3.2381005 | R74: =Q74/I74 -> 1.1051538 | S74: =R74/R$5 -> 1.2084548 | T74: =S74*I74 -> 3.5407726 | U74: =I$5*((J74/J$5)/(N74/N$5))*((O74/O$5)/(L74/L$5)) -> 2.4408108 | V74: =U74/I74 -> 0.83304123 | W74: =V74/V$5 -> 0.91090736 | X74: =W74*I74 -> 2.6689586 | Y74: =I$5*((J74/J$5)/(N74/N$5))*((O74/O$5)/(M74/M$5)) -> 2.1144743 | Z74: =Y74/I74 -> 0.72166357 | AA74: =Z74/Z$5 -> 0.789119 | AB74: =AA74*I74 -> 2.3121187 | AC74: =I$5*((J74/J$5)/(N74/N$5)) -> 2.2123066 | AD74: =AC74/I74 -> 0.75505343 | AE74: =AD74/AD$5 -> 0.82745862 | AF74: =AE74*I74 -> 2.4244537
A75: 2004 | B75: 2.93 | C75: 2.64 | D75: 2.5 | I75: 2.93 | J75: 1 | K75: 90.338934 | L75: 146.52488 | M75: 153.99498 | N75: 1.307 | O75: 150.40394 | Q75: =I$5*((J75/J$5)/(N75/N$5))*((O75/O$5)/(K75/K$5)) -> 3.1482011 | R75: =Q75/I75 -> 1.0744714 | S75: =R75/R$5 -> 1.1749045 | T75: =S75*I75 -> 3.4424701 | U75: =I$5*((J75/J$5)/(N75/N$5))*((O75/O$5)/(L75/L$5)) -> 2.2790053 | V75: =U75/I75 -> 0.77781752 | W75: =V75/V$5 -> 0.85052177 | X75: =W75*I75 -> 2.4920288 | Y75: =I$5*((J75/J$5)/(N75/N$5))*((O75/O$5)/(M75/M$5)) -> 2.0495946 | Z75: =Y75/I75 -> 0.69952034 | AA75: =Z75/Z$5 -> 0.76490599 | AB75: =AA75*I75 -> 2.2411746 | AC75: =I$5*((J75/J$5)/(N75/N$5)) -> 2.2499099 | AD75: =AC75/I75 -> 0.76788732 | AE75: =AD75/AD$5 -> 0.8415232 | AF75: =AE75*I75 -> 2.465663
A76: =A75+1 -> 2005 | I76: 2.9284167 | J76: 1.096424 | K76: 88.878478 | L76: 142.18761 | M76: 154.65523 | N76: 1.3518099 | O76: 157.15477 | Q76: =I$5*((J76/J$5)/(N76/N$5))*((O76/O$5)/(K76/K$5)) -> 3.5444405 | R76: =Q76/I76 -> 1.2103607 | S76: =R76/R$5 -> 1.3234957 | T76: =S76*I76 -> 3.8757468 | U76: =I$5*((J76/J$5)/(N76/N$5))*((O76/O$5)/(L76/L$5)) -> 2.6013683 | V76: =U76/I76 -> 0.88831904 | W76: =V76/V$5 -> 0.9713521 | X76: =W76*I76 -> 2.8445237 | Y76: =I$5*((J76/J$5)/(N76/N$5))*((O76/O$5)/(M76/M$5)) -> 2.260564 | Z76: =Y76/I76 -> 0.77194068 | AA76: =Z76/Z$5 -> 0.84409561 | AB76: =AA76*I76 -> 2.4718636 | AC76: =I$5*((J76/J$5)/(N76/N$5)) -> 2.3850837 | AD76: =AC76/I76 -> 0.81446186 | AE76: =AD76/AD$5 -> 0.89256396 | AF76: =AE76*I76 -> 2.6137992
A77: =A76+1 -> 2006 | I77: 3.07775 | J77: 1.2089396 | K77: 91.964433 | L77: 144.27253 | M77: 156.92362 | N77: 1.3954826 | O77: 160.29438 | Q77: =I$5*((J77/J$5)/(N77/N$5))*((O77/O$5)/(K77/K$5)) -> 3.7319205 | R77: =Q77/I77 -> 1.2125483 | S77: =R77/R$5 -> 1.3258877 | T77: =S77*I77 -> 4.080751 | U77: =I$5*((J77/J$5)/(N77/N$5))*((O77/O$5)/(L77/L$5)) -> 2.7931094 | V77: =U77/I77 -> 0.90751666 | W77: =V77/V$5 -> 0.99234416 | X77: =W77*I77 -> 3.0541872 | Y77: =I$5*((J77/J$5)/(N77/N$5))*((O77/O$5)/(M77/M$5)) -> 2.427175 | Z77: =Y77/I77 -> 0.78861993 | AA77: =Z77/Z$5 -> 0.8623339 | AB77: =AA77*I77 -> 2.6540482 | AC77: =I$5*((J77/J$5)/(N77/N$5)) -> 2.5475393 | AD77: =AC77/I77 -> 0.82772782 | AE77: =AD77/AD$5 -> 0.90710205 | AF77: =AE77*I77 -> 2.7918333
A78: =A77+1 -> 2007 | I78: 3.1191667 | J78: 1.4301886 | K78: 100.03275 | L78: 154.87346 | M78: 168.45438 | N78: 1.4352526 | O78: 168.20073 | Q78: =I$5*((J78/J$5)/(N78/N$5))*((O78/O$5)/(K78/K$5)) -> 4.1409928 | R78: =Q78/I78 -> 1.3275959 | S78: =R78/R$5 -> 1.4516891 | T78: =S78*I78 -> 4.5280601 | U78: =I$5*((J78/J$5)/(N78/N$5))*((O78/O$5)/(L78/L$5)) -> 3.1404288 | V78: =U78/I78 -> 1.0068166 | W78: =V78/V$5 -> 1.1009259 | X78: =W78*I78 -> 3.4339713 | Y78: =I$5*((J78/J$5)/(N78/N$5))*((O78/O$5)/(M78/M$5)) -> 2.728987 | Z78: =Y78/I78 -> 0.87490902 | AA78: =Z78/Z$5 -> 0.95668861 | AB78: =AA78*I78 -> 2.9840712 | AC78: =I$5*((J78/J$5)/(N78/N$5)) -> 2.9302568 | AD78: =AC78/I78 -> 0.93943577 | AE78: =AD78/AD$5 -> 1.0295221 | AF78: =AE78*I78 -> 3.2112511
A79: =A78+1 -> 2008 | I79: 3.1831667 | J79: 1.8171998 | K79: 98.958019 | L79: 155.51686 | M79: 169.15405 | N79: 1.490271 | O79: 166.28774 | Q79: =I$5*((J79/J$5)/(N79/N$5))*((O79/O$5)/(K79/K$5)) -> 5.0640794 | R79: =Q79/I79 -> 1.5908936 | S79: =R79/R$5 -> 1.7395978 | T79: =S79*I79 -> 5.5374296 | U79: =I$5*((J79/J$5)/(N79/N$5))*((O79/O$5)/(L79/L$5)) -> 3.7834964 | V79: =U79/I79 -> 1.1885951 | W79: =V79/V$5 -> 1.2996956 | X79: =W79*I79 -> 4.1371478 | Y79: =I$5*((J79/J$5)/(N79/N$5))*((O79/O$5)/(M79/M$5)) -> 3.2878062 | Z79: =Y79/I79 -> 1.0328728 | AA79: =Z79/Z$5 -> 1.1294176 | AB79: =AA79*I79 -> 3.5951244 | AC79: =I$5*((J79/J$5)/(N79/N$5)) -> 3.5857347 | AD79: =AC79/I79 -> 1.1264678 | AE79: =AD79/AD$5 -> 1.2344894 | AF79: =AE79*I79 -> 3.9295855
A80: =A79+1 -> 2009 | I80: 3.75 | J80: 2.0822574 | K80: 91.364301 | L80: 136.68539 | M80: 154.23329 | N80: 1.4851002 | O80: 166.18724 | Q80: =I$5*((J80/J$5)/(N80/N$5))*((O80/O$5)/(K80/K$5)) -> 6.3030912 | R80: =Q80/I80 -> 1.6808243 | S80: =R80/R$5 -> 1.8379345 | T80: =S80*I80 -> 6.8922545 | U80: =I$5*((J80/J$5)/(N80/N$5))*((O80/O$5)/(L80/L$5)) -> 4.9468341 | V80: =U80/I80 -> 1.3191558 | W80: =V80/V$5 -> 1.44246 | X80: =W80*I80 -> 5.4092252 | Y80: =I$5*((J80/J$5)/(N80/N$5))*((O80/O$5)/(M80/M$5)) -> 4.1437078 | Z80: =Y80/I80 -> 1.1049887 | AA80: =Z80/Z$5 -> 1.2082744 | AB80: =AA80*I80 -> 4.5310289 | AC80: =I$5*((J80/J$5)/(N80/N$5)) -> 4.1230572 | AD80: =AC80/I80 -> 1.0994819 | AE80: =AD80/AD$5 -> 1.2049158 | AF80: =AE80*I80 -> 4.5184341
A81: =A80+1 -> 2010 | I81: 3.89 | J81: 2.5630419 | K81: 110.38261 | L81: 145.83817 | M81: 161.59825 | N81: 1.5094977 | O81: 182.56289 | Q81: =I$5*((J81/J$5)/(N81/N$5))*((O81/O$5)/(K81/K$5)) -> 6.9404705 | R81: =Q81/I81 -> 1.7841827 | S81: =R81/R$5 -> 1.950954 | T81: =S81*I81 -> 7.589211 | U81: =I$5*((J81/J$5)/(N81/N$5))*((O81/O$5)/(L81/L$5)) -> 6.167905 | V81: =U81/I81 -> 1.5855797 | W81: =V81/V$5 -> 1.7337872 | X81: =W81*I81 -> 6.7444321 | Y81: =I$5*((J81/J$5)/(N81/N$5))*((O81/O$5)/(M81/M$5)) -> 5.2612633 | Z81: =Y81/I81 -> 1.3525098 | AA81: =Z81/Z$5 -> 1.4789318 | AB81: =AA81*I81 -> 5.7530447 | AC81: =I$5*((J81/J$5)/(N81/N$5)) -> 4.9930275 | AD81: =AC81/I81 -> 1.2835546 | AE81: =AD81/AD$5 -> 1.40664 | AF81: =AE81*I81 -> 5.4718294
A82: =A81+1 -> 2011 | I82: 4.11 | J82: 3.1636717 | K82: 111.80629 | L82: 150.39454 | M82: 164.73475 | N82: 1.5570928 | O82: 185.0506 | Q82: =I$5*((J82/J$5)/(N82/N$5))*((O82/O$5)/(K82/K$5)) -> 8.3110328 | R82: =Q82/I82 -> 2.0221491 | S82: =R82/R$5 -> 2.2111636 | T82: =S82*I82 -> 9.0878826 | U82: =I$5*((J82/J$5)/(N82/N$5))*((O82/O$5)/(L82/L$5)) -> 7.2545159 | V82: =U82/I82 -> 1.765089 | W82: =V82/V$5 -> 1.9300756 | X82: =W82*I82 -> 7.9326109 | Y82: =I$5*((J82/J$5)/(N82/N$5))*((O82/O$5)/(M82/M$5)) -> 6.2599826 | Z82: =Y82/I82 -> 1.5231101 | AA82: =Z82/Z$5 -> 1.6654785 | AB82: =AA82*I82 -> 6.8451164 | AC82: =I$5*((J82/J$5)/(N82/N$5)) -> 5.9747207 | AD82: =AC82/I82 -> 1.4537033 | AE82: =AD82/AD$5 -> 1.5931049 | AF82: =AE82*I82 -> 6.5476613
A83: =A82+1 -> 2012 | I83: 4.5525185 | J83: 3.9120057 | K83: 103.2364 | L83: 138.07466 | M83: 162.69797 | N83: 1.5893562 | O83: 186.48146 | Q83: =I$5*((J83/J$5)/(N83/N$5))*((O83/O$5)/(K83/K$5)) -> 10.98841 | R83: =Q83/I83 -> 2.4136992 | S83: =R83/R$5 -> 2.6393128 | T83: =S83*I83 -> 12.01552 | U83: =I$5*((J83/J$5)/(N83/N$5))*((O83/O$5)/(L83/L$5)) -> 9.6465725 | V83: =U83/I83 -> 2.1189529 | W83: =V83/V$5 -> 2.317016 | X83: =W83*I83 -> 10.548258 | Y83: =I$5*((J83/J$5)/(N83/N$5))*((O83/O$5)/(M83/M$5)) -> 7.7378924 | Z83: =Y83/I83 -> 1.6996949 | AA83: =Z83/Z$5 -> 1.858569 | AB83: =AA83*I83 -> 8.4611696 | AC83: =I$5*((J83/J$5)/(N83/N$5)) -> 7.238006 | AD83: =AC83/I83 -> 1.5898905 | AE83: =AD83/AD$5 -> 1.7423517 | AF83: =AE83*I83 -> 7.9320882
A84: =A83+1 -> 2013 | I84: 5.49 | J84: 4.9091424 | K84: 105.30892 | L84: 138.02823 | M84: 160.76765 | N84: 1.6126493 | O84: 188.12902 | Q84: =I$5*((J84/J$5)/(N84/N$5))*((O84/O$5)/(K84/K$5)) -> 13.440337 | R84: =Q84/I84 -> 2.4481488 | S84: =R84/R$5 -> 2.6769825 | T84: =S84*I84 -> 14.696634 | U84: =I$5*((J84/J$5)/(N84/N$5))*((O84/O$5)/(L84/L$5)) -> 12.040005 | V84: =U84/I84 -> 2.1930793 | W84: =V84/V$5 -> 2.398071 | X84: =W84*I84 -> 13.16541 | Y84: =I$5*((J84/J$5)/(N84/N$5))*((O84/O$5)/(M84/M$5)) -> 9.770432 | Z84: =Y84/I84 -> 1.779678 | AA84: =Z84/Z$5 -> 1.9460282 | AB84: =AA84*I84 -> 10.683695 | AC84: =I$5*((J84/J$5)/(N84/N$5)) -> 8.9517184 | AD84: =AC84/I84 -> 1.6305498 | AE84: =AD84/AD$5 -> 1.7869099 | AF84: =AE84*I84 -> 9.8101355
A85: =A84+1 -> 2014 | I85: 8.1236 | J85: 6.8027962 | K85: 99.408903 | L85: 135.04194 | M85: 158.33275 | N85: 1.6387851 | O85: 187.27417 | Q85: =I$5*((J85/J$5)/(N85/N$5))*((O85/O$5)/(K85/K$5)) -> 19.32733 | R85: =Q85/I85 -> 2.3791582 | S85: =R85/R$5 -> 2.6015432 | T85: =S85*I85 -> 21.133896 | U85: =I$5*((J85/J$5)/(N85/N$5))*((O85/O$5)/(L85/L$5)) -> 16.70505 | V85: =U85/I85 -> 2.0563605 | W85: =V85/V$5 -> 2.2485729 | X85: =W85*I85 -> 18.266506 | Y85: =I$5*((J85/J$5)/(N85/N$5))*((O85/O$5)/(M85/M$5)) -> 13.466772 | Z85: =Y85/I85 -> 1.6577345 | AA85: =Z85/Z$5 -> 1.8126864 | AB85: =AA85*I85 -> 14.725539 | AC85: =I$5*((J85/J$5)/(N85/N$5)) -> 12.206922 | AD85: =AC85/I85 -> 1.5026493 | AE85: =AD85/AD$5 -> 1.6467445 | AF85: =AE85*I85 -> 13.377494
A86: =A85+1 -> 2015 | I86: 9.43 | J86: 8.5686951 | K86: 102.5195 | L86: 145.11022 | M86: 160.5523 | N86: 1.647 | O86: 183.98915 | Q86: =I$5*((J86/J$5)/(N86/N$5))*((O86/O$5)/(K86/K$5)) -> 23.076005 | R86: =Q86/I86 -> 2.4470843 | S86: =R86/R$5 -> 2.6758185 | T86: =S86*I86 -> 25.232968 | U86: =I$5*((J86/J$5)/(N86/N$5))*((O86/O$5)/(L86/L$5)) -> 19.142049 | V86: =U86/I86 -> 2.0299098 | W86: =V86/V$5 -> 2.2196498 | X86: =W86*I86 -> 20.931297 | Y86: =I$5*((J86/J$5)/(N86/N$5))*((O86/O$5)/(M86/M$5)) -> 16.352633 | Z86: =Y86/I86 -> 1.7341074 | AA86: =Z86/Z$5 -> 1.8961981 | AB86: =AA86*I86 -> 17.881148 | AC86: =I$5*((J86/J$5)/(N86/N$5)) -> 15.298956 | AD86: =AC86/I86 -> 1.6223707 | AE86: =AD86/AD$5 -> 1.7779465 | AF86: =AE86*I86 -> 16.766036
A87: =A86+1 -> 2016 | I87: 14.777446 | J87: 12.115232 | K87: 99.170058 | L87: 137.28909 | M87: 151.66151 | N87: 1.6677771 | O87: 182.99238 | Q87: =I$5*((J87/J$5)/(N87/N$5))*((O87/O$5)/(K87/K$5)) -> 33.128365 | R87: =Q87/I87 -> 2.2418193 | S87: =R87/R$5 -> 2.4513669 | T87: =S87*I87 -> 36.224943 | U87: =I$5*((J87/J$5)/(N87/N$5))*((O87/O$5)/(L87/L$5)) -> 28.097251 | V87: =U87/I87 -> 1.9013604 | W87: =V87/V$5 -> 2.0790846 | X87: =W87*I87 -> 30.723561 | Y87: =I$5*((J87/J$5)/(N87/N$5))*((O87/O$5)/(M87/M$5)) -> 24.040434 | Z87: =Y87/I87 -> 1.6268328 | AA87: =Z87/Z$5 -> 1.7788963 | AB87: =AA87*I87 -> 26.287544 | AC87: =I$5*((J87/J$5)/(N87/N$5)) -> 21.361633 | AD87: =AC87/I87 -> 1.4455565 | AE87: =AD87/AD$5 -> 1.5841768 | AF87: =AE87*I87 -> 23.410088
... A94: =A93+1 -> 2023 | I94: 295.2949 | J94: 267.69791 | K94: 88.487678 | L94: 115.23585 | M94: 114.61515 | N94: 2.0945627 | O94: 176.24785 | Q94: =I$5*((J94/J$5)/(N94/N$5))*((O94/O$5)/(K94/K$5)) -> 629.13879 | R94: =Q94/I94 -> 2.1305441 | S94: =R94/R$5 -> 2.3296905 | T94: =S94*I94 -> 687.94572 | U94: =I$5*((J94/J$5)/(N94/N$5))*((O94/O$5)/(L94/L$5)) -> 567.2323 | V94: =U94/I94 -> 1.9209011 | W94: =V94/V$5 -> 2.1004518 | X94: =W94*I94 -> 620.25271 | Y94: =I$5*((J94/J$5)/(N94/N$5))*((O94/O$5)/(M94/M$5)) -> 539.04417 | Z94: =Y94/I94 -> 1.8254436 | AA94: =Z94/Z$5 -> 1.9960717 | AB94: =AA94*I94 -> 589.42977 | AC94: =I$5*((J94/J$5)/(N94/N$5)) -> 375.83076 | AD94: =AC94/I94 -> 1.2727303 | AE94: =AD94/AD$5 -> 1.3947776 | AF94: =AE94*I94 -> 411.87072
A95: =A94+1 -> 2024 | I95: 959.27235 | J95: 855.79575 | K95: 82.088881 | L95: =L94 -> 115.23585 | M95: =M94 -> 114.61515 | N95: 2.1081294 | O95: 177.31754 | Q95: =I$5*((J95/J$5)/(N95/N$5))*((O95/O$5)/(K95/K$5)) -> 2167.1753 | R95: =Q95/I95 -> 2.2591866 | S95: =R95/R$5 -> 2.4703576 | T95: =S95*I95 -> 2369.7457 | U95: =I$5*((J95/J$5)/(N95/N$5))*((O95/O$5)/(L95/L$5)) -> 1812.6338 | V95: =U95/I95 -> 1.8895924 | W95: =V95/V$5 -> 2.0662166 | X95: =W95*I95 -> 1982.0645 | Y95: =I$5*((J95/J$5)/(N95/N$5))*((O95/O$5)/(M95/M$5)) -> 1722.5565 | Z95: =Y95/I95 -> 1.7956907 | AA95: =Z95/Z$5 -> 1.9635377 | AB95: =AA95*I95 -> 1883.5675 | AC95: =I$5*((J95/J$5)/(N95/N$5)) -> 1193.7505 | AD95: =AC95/I95 -> 1.2444333 | AE95: =AD95/AD$5 -> 1.3637672 | AF95: =AE95*I95 -> 1308.2241
A96: 45658 | I96: 1069.147 | J96: 874.62326 | K96: =K95 -> 82.088881 | L96: =L95 -> 115.23585 | M96: =M95 -> 114.61515 | N96: =N95 -> 2.1081294 | O96: =O95 -> 177.31754 | Q96: =I$5*((J96/J$5)/(N96/N$5))*((O96/O$5)/(K96/K$5)) -> 2214.8531 | R96: =Q96/I96 -> 2.0716077 | S96: =R96/R$5 -> 2.2652452 | T96: =S96*I96 -> 2421.8801 | U96: =I$5*((J96/J$5)/(N96/N$5))*((O96/O$5)/(L96/L$5)) -> 1852.5117 | V96: =U96/I96 -> 1.7327007 | W96: =V96/V$5 -> 1.8946599 | X96: =W96*I96 -> 2025.6699 | Y96: =I$5*((J96/J$5)/(N96/N$5))*((O96/O$5)/(M96/M$5)) -> 1760.4527 | Z96: =Y96/I96 -> 1.6465956 | AA96: =Z96/Z$5 -> 1.8005063 | AB96: =AA96*I96 -> 1925.0059 | AC96: =I$5*((J96/J$5)/(N96/N$5)) -> 1220.013 | AD96: =AC96/I96 -> 1.1411087 | AE96: =AD96/AD$5 -> 1.2505344 | AF96: =AE96*I96 -> 1337.0051
A97: 45689 | I97: 1085.11 | J97: 895.61422 | K97: =K96 -> 82.088881 | L97: =L96 -> 115.23585 | M97: =M96 -> 114.61515 | N97: =N96 -> 2.1081294 | O97: =O96 -> 177.31754 | Q97: =I$5*((J97/J$5)/(N97/N$5))*((O97/O$5)/(K97/K$5)) -> 2268.0096 | R97: =Q97/I97 -> 2.0901195 | S97: =R97/R$5 -> 2.2854874 | T97: =S97*I97 -> 2480.0053 | U97: =I$5*((J97/J$5)/(N97/N$5))*((O97/O$5)/(L97/L$5)) -> 1896.972 | V97: =U97/I97 -> 1.748184 | W97: =V97/V$5 -> 1.9115905 | X97: =W97*I97 -> 2074.286 | Y97: =I$5*((J97/J$5)/(N97/N$5))*((O97/O$5)/(M97/M$5)) -> 1802.7036 | Z97: =Y97/I97 -> 1.6613095 | AA97: =Z97/Z$5 -> 1.8165956 | AB97: =AA97*I97 -> 1971.2061 | AC97: =I$5*((J97/J$5)/(N97/N$5)) -> 1249.2933 | AD97: =AC97/I97 -> 1.1513057 | AE97: =AD97/AD$5 -> 1.2617091 | AF97: =AE97*I97 -> 1369.0932
A98: 45717 | I98: 1105.7756 | J98: 928.75194 | K98: =K97 -> 82.088881 | L98: =L97 -> 115.23585 | M98: =M97 -> 114.61515 | N98: =N97 -> 2.1081294 | O98: =O97 -> 177.31754 | Q98: =I$5*((J98/J$5)/(N98/N$5))*((O98/O$5)/(K98/K$5)) -> 2351.926 | R98: =Q98/I98 -> 2.126947 | S98: =R98/R$5 -> 2.3257572 | T98: =S98*I98 -> 2571.7654 | U98: =I$5*((J98/J$5)/(N98/N$5))*((O98/O$5)/(L98/L$5)) -> 1967.16 | V98: =U98/I98 -> 1.7789867 | W98: =V98/V$5 -> 1.9452723 | X98: =W98*I98 -> 2151.0346 | Y98: =I$5*((J98/J$5)/(N98/N$5))*((O98/O$5)/(M98/M$5)) -> 1869.4036 | Z98: =Y98/I98 -> 1.6905814 | AA98: =Z98/Z$5 -> 1.8486036 | AB98: =AA98*I98 -> 2044.1407 | AC98: =I$5*((J98/J$5)/(N98/N$5)) -> 1295.5172 | AD98: =AC98/I98 -> 1.1715914 | AE98: =AD98/AD$5 -> 1.2839401 | AF98: =AE98*I98 -> 1419.7496
A99: 45748 | I99: 1145.6658 | J99: 954.757 | K99: =K98 -> 82.088881 | L99: =L98 -> 115.23585 | M99: =M98 -> 114.61515 | N99: =N98 -> 2.1081294 | O99: =O98 -> 177.31754 | Q99: =I$5*((J99/J$5)/(N99/N$5))*((O99/O$5)/(K99/K$5)) -> 2417.7799 | R99: =Q99/I99 -> 2.110371 | S99: =R99/R$5 -> 2.3076319 | T99: =S99*I99 -> 2643.7749 | U99: =I$5*((J99/J$5)/(N99/N$5))*((O99/O$5)/(L99/L$5)) -> 2022.2404 | V99: =U99/I99 -> 1.7651225 | W99: =V99/V$5 -> 1.9301122 | X99: =W99*I99 -> 2211.2635 | Y99: =I$5*((J99/J$5)/(N99/N$5))*((O99/O$5)/(M99/M$5)) -> 1921.7469 | Z99: =Y99/I99 -> 1.6774062 | AA99: =Z99/Z$5 -> 1.8341969 | AB99: =AA99*I99 -> 2101.3767 | AC99: =I$5*((J99/J$5)/(N99/N$5)) -> 1331.7916 | AD99: =AC99/I99 -> 1.1624609 | AE99: =AD99/AD$5 -> 1.273934 | AF99: =AE99*I99 -> 1459.5026
A100: 45778 | I100: 1146.2105 | J100: 969.07835 | K100: =K99 -> 82.088881 | L100: =L99 -> 115.23585 | M100: =M99 -> 114.61515 | N100: =N99 -> 2.1081294 | O100: =O99 -> 177.31754 | Q100: =I$5*((J100/J$5)/(N100/N$5))*((O100/O$5)/(K100/K$5)) -> 2454.0466 | R100: =Q100/I100 -> 2.1410086 | S100: =R100/R$5 -> 2.3411332 | T100: =S100*I100 -> 2683.4315 | U100: =I$5*((J100/J$5)/(N100/N$5))*((O100/O$5)/(L100/L$5)) -> 2052.574 | V100: =U100/I100 -> 1.7907479 | W100: =V100/V$5 -> 1.9581328 | X100: =W100*I100 -> 2244.4325 | Y100: =I$5*((J100/J$5)/(N100/N$5))*((O100/O$5)/(M100/M$5)) -> 1950.5731 | Z100: =Y100/I100 -> 1.7017582 | AA100: =Z100/Z$5 -> 1.8608251 | AB100: =AA100*I100 -> 2132.8973 | AC100: =I$5*((J100/J$5)/(N100/N$5)) -> 1351.7685 | AD100: =AC100/I100 -> 1.179337 | AE100: =AD100/AD$5 -> 1.2924285 | AF100: =AE100*I100 -> 1481.3952
A101: 45809 | I101: 1181.1 | J101: 984.58361 | K101: =K100 -> 82.088881 | L101: =L100 -> 115.23585 | M101: =M100 -> 114.61515 | N101: =N100 -> 2.1081294 | O101: =O100 -> 177.31754 | Q101: =I$5*((J101/J$5)/(N101/N$5))*((O101/O$5)/(K101/K$5)) -> 2493.3113 | R101: =Q101/I101 -> 2.1110078 | S101: =R101/R$5 -> 2.3083282 | T101: =S101*I101 -> 2726.3664 | U101: =I$5*((J101/J$5)/(N101/N$5))*((O101/O$5)/(L101/L$5)) -> 2085.4152 | V101: =U101/I101 -> 1.7656551 | W101: =V101/V$5 -> 1.9306946 | X101: =W101*I101 -> 2280.3434 | Y101: =I$5*((J101/J$5)/(N101/N$5))*((O101/O$5)/(M101/M$5)) -> 1981.7823 | Z101: =Y101/I101 -> 1.6779124 | AA101: =Z101/Z$5 -> 1.8347504 | AB101: =AA101*I101 -> 2167.0237 | AC101: =I$5*((J101/J$5)/(N101/N$5)) -> 1373.3968 | AD101: =AC101/I101 -> 1.1628116 | AE101: =AD101/AD$5 -> 1.2743184 | AF101: =AE101*I101 -> 1505.0975

Sheet Corporaciones
B1: JIC | N1: Propias | V1: Propias | AM1: Relación TCP con JIC
E2: IPT Arg JIC | F2: IPT USA | G2: PBI pm | H2: PBI pm | J2: Empleo Total | L2: IPT | O2: ARG | S2: USA | T2: USA | V2: IPC + IPI Total | Z2: IPC + ENGE ind Sin imp | AD2: IPC + ENGE ind con imp | AH2: IPC | AM2: IPI Total | AN2: ENGE Sin imp | AO2: Enge con imp
B3: TCC | C3: Paridad por ipi + ipc | D3: Paridad por IPC | G3: 1993 | H3: 1993 | J3: 36-73 jic / 74 propias | L3: Total | N3: TCC | O3: IPC | P3: IPT Arg | Q3: IPT ENGE | R3: IPT ENGE | S3: IPC | T3: Nonfinancial corporate sector | V3: TCP arb | W3: TCP arb/TCC | X3: Sobrevaluación | Y3: TCP | Z3: TCP arb | AA3: TCP arb/TCC | AB3: Sobrevaluación | AC3: TCP | AD3: TCP arb | AE3: TCP arb/TCC | AF3: Sobrevaluación | AG3: TCP | AH3: TCP arb | AI3: TCP arb/TCC | AJ3: Sobrevaluación | AK3: TCP
G4: Base 1993 | H4: empalme base 2004 | I4: Índice 1997 | K4: Índice 1997 | L4: Argentina | O4: 2004=1 | P4: 1997=100 | Q4: sin imp | R4: con imp | T4: 2012=100
A5: Promedio 1959-1972 | N5: =AVERAGE(N30:N43) -> 2.6316429e-11 | O5: =AVERAGE(O30:O43) -> 2.080443e-12 | P5: =AVERAGE(P30:P43) -> 66.332426 | Q5: =AVERAGE(Q30:Q43) -> 67.349656 | R5: =AVERAGE(R30:R43) -> 63.658031 | S5: =AVERAGE(S30:S43) -> 0.23247143 | T5: =AVERAGE(T30:T43) -> 41.703571 | V5: =AVERAGE(V30:V43) -> 2.3738204e-11 | W5: =AVERAGE(W30:W43) -> 0.91630821 | Z5: =AVERAGE(Z30:Z43) -> 2.3738204e-11 | AA5: =AVERAGE(AA30:AA43) -> 0.91630821 | AD5: =AVERAGE(AD30:AD43) -> 2.3738204e-11 | AE5: =AVERAGE(AE30:AE43) -> 0.91630821 | AH5: =AVERAGE(AH30:AH43) -> 2.4285678e-11 | AI5: =AVERAGE(AI30:AI43) -> 0.91249691
A7: =A8-1 -> 1936 | C7: 2.94e-13 | E7: 0.223 | F7: 0.186 | G7: 38390 | H7: =G7 -> 38390 | I7: =H7/H$68*100 -> 13.43852 | J7: 5194000 | K7: =J7/J$68*100 -> 41.62748 | L7: =I7/K7*100 -> 32.282811 | N7: 3.01e-13 | O7: 1.1740506e-14 | P7: =L7 -> 32.282811 | Q7: =Q8*P7/P8 -> 32.777879 | R7: =R8*P7/P8 -> 30.98123 | S7: 0.09619 | T7: =T8*'Largo Plazo'!O7/'Largo Plazo'!O8 -> 19.973403 | V7: =N$5*((O7/O$5)/(S7/S$5))*((T7/T$5)/(P7/P$5)) -> 3.5320835e-13 | W7: =V7/N7 -> 1.1734497 | X7: =W7/W$5 -> 1.2806277 | Y7: =N7*X7 -> 3.8546893e-13 | Z7: =N$5*((O7/O$5)/(S7/S$5))*((T7/T$5)/(Q7/Q$5)) -> 3.5320835e-13 | AA7: =Z7/N7 -> 1.1734497 | AB7: =AA7/AA$5 -> 1.2806277 | AC7: =N7*AB7 -> 3.8546893e-13 | AD7: =N$5*((O7/O$5)/(S7/S$5))*((T7/T$5)/(R7/R$5)) -> 3.5320835e-13 | AE7: =AD7/N7 -> 1.1734497 | AF7: =AE7/AE$5 -> 1.2806277 | AG7: =N7*AF7 -> 3.8546893e-13 | AH7: =N$5*((O7/O$5)/(S7/S$5)) -> 3.5891996e-13 | AI7: =AH7/N7 -> 1.1924251 | AJ7: =AI7/AI$5 -> 1.3067717 | AK7: =N7*AJ7 -> 3.9333827e-13 | AM7: =Y7/C7-1 -> 0.31111881 | AN7: =AC7/C7-1 -> 0.31111881 | AO7: =AG7/C7-1 -> 0.31111881
A8: =A9-1 -> 1937 | C8: 2.87e-13 | E8: 0.225 | F8: 0.185 | G8: 41172 | H8: =G8 -> 41172 | I8: =H8/H$68*100 -> 14.412367 | J8: 5449000 | K8: =J8/J$68*100 -> 43.671185 | L8: =I8/K8*100 -> 33.002005 | N8: 3.03e-13 | O8: 1.2050633e-14 | P8: =L8 -> 33.002005 | Q8: =Q9*P8/P9 -> 33.508103 | R8: =R9*P8/P9 -> 31.671428 | S8: 0.09965 | T8: =T9*'Largo Plazo'!O8/'Largo Plazo'!O9 -> 19.866019 | V8: =N$5*((O8/O$5)/(S8/S$5))*((T8/T$5)/(P8/P$5)) -> 3.4048376e-13 | W8: =V8/N8 -> 1.1237088 | X8: =W8/W$5 -> 1.2263437 | Y8: =N8*X8 -> 3.7158213e-13 | Z8: =N$5*((O8/O$5)/(S8/S$5))*((T8/T$5)/(Q8/Q$5)) -> 3.4048376e-13 | AA8: =Z8/N8 -> 1.1237088 | AB8: =AA8/AA$5 -> 1.2263437 | AC8: =N8*AB8 -> 3.7158213e-13 | AD8: =N$5*((O8/O$5)/(S8/S$5))*((T8/T$5)/(R8/R$5)) -> 3.4048376e-13 | AE8: =AD8/N8 -> 1.1237088 | AF8: =AE8/AE$5 -> 1.2263437 | AG8: =N8*AF8 -> 3.7158213e-13 | AH8: =N$5*((O8/O$5)/(S8/S$5)) -> 3.5560942e-13 | AI8: =AH8/N8 -> 1.1736285 | AJ8: =AI8/AI$5 -> 1.2861725 | AK8: =N8*AJ8 -> 3.8971027e-13 | AM8: =Y8/C8-1 -> 0.29471127 | AN8: =AC8/C8-1 -> 0.29471127 | AO8: =AG8/C8-1 -> 0.29471127
A9: =A10-1 -> 1938 | C9: 2.64e-13 | E9: 0.224 | F9: 0.167 | G9: 41299 | H9: =G9 -> 41299 | I9: =H9/H$68*100 -> 14.456824 | J9: 5424000 | K9: =J9/J$68*100 -> 43.470822 | L9: =I9/K9*100 -> 33.256384 | N9: 3.07e-13 | O9: 1.1968354e-14 | P9: =L9 -> 33.256384 | Q9: =Q10*P9/P10 -> 33.766382 | R9: =R10*P9/P10 -> 31.915551 | S9: 0.09758 | T9: =T10*'Largo Plazo'!O9/'Largo Plazo'!O10 -> 17.933109 | V9: =N$5*((O9/O$5)/(S9/S$5))*((T9/T$5)/(P9/P$5)) -> 3.0934815e-13 | W9: =V9/N9 -> 1.0076487 | X9: =W9/W$5 -> 1.0996831 | Y9: =N9*X9 -> 3.3760272e-13 | Z9: =N$5*((O9/O$5)/(S9/S$5))*((T9/T$5)/(Q9/Q$5)) -> 3.0934815e-13 | AA9: =Z9/N9 -> 1.0076487 | AB9: =AA9/AA$5 -> 1.0996831 | AC9: =N9*AB9 -> 3.3760272e-13 | AD9: =N$5*((O9/O$5)/(S9/S$5))*((T9/T$5)/(R9/R$5)) -> 3.0934815e-13 | AE9: =AD9/N9 -> 1.0076487 | AF9: =AE9/AE$5 -> 1.0996831 | AG9: =N9*AF9 -> 3.3760272e-13 | AH9: =N$5*((O9/O$5)/(S9/S$5)) -> 3.6067358e-13 | AI9: =AH9/N9 -> 1.1748325 | AJ9: =AI9/AI$5 -> 1.287492 | AK9: =N9*AJ9 -> 3.9526006e-13 | AM9: =Y9/C9-1 -> 0.2787982 | AN9: =AC9/C9-1 -> 0.2787982 | AO9: =AG9/C9-1 -> 0.2787982
A10: =A11-1 -> 1939 | C10: 2.9e-13 | E10: 0.226 | F10: 0.179 | G10: 42879 | H10: =G10 -> 42879 | I10: =H10/H$68*100 -> 15.009907 | J10: 5640000 | K10: =J10/J$68*100 -> 45.201961 | L10: =I10/K10*100 -> 33.206318 | N10: 3.27e-13 | O10: 1.2158228e-14 | P10: =L10 -> 33.206318 | Q10: =Q11*P10/P11 -> 33.715548 | R10: =R11*P10/P11 -> 31.867503 | S10: 0.09619 | T10: =T11*'Largo Plazo'!O10/'Largo Plazo'!O11 -> 19.221716 | V10: =N$5*((O10/O$5)/(S10/S$5))*((T10/T$5)/(P10/P$5)) -> 3.4221979e-13 | W10: =V10/N10 -> 1.0465437 | X10: =W10/W$5 -> 1.1421306 | Y10: =N10*X10 -> 3.7347672e-13 | Z10: =N$5*((O10/O$5)/(S10/S$5))*((T10/T$5)/(Q10/Q$5)) -> 3.4221979e-13 | AA10: =Z10/N10 -> 1.0465437 | AB10: =AA10/AA$5 -> 1.1421306 | AC10: =N10*AB10 -> 3.7347672e-13 | AD10: =N$5*((O10/O$5)/(S10/S$5))*((T10/T$5)/(R10/R$5)) -> 3.4221979e-13 | AE10: =AD10/N10 -> 1.0465437 | AF10: =AE10/AE$5 -> 1.1421306 | AG10: =N10*AF10 -> 3.7347672e-13 | AH10: =N$5*((O10/O$5)/(S10/S$5)) -> 3.7169016e-13 | AI10: =AH10/N10 -> 1.1366671 | AJ10: =AI10/AI$5 -> 1.2456668 | AK10: =N10*AJ10 -> 4.0733305e-13 | AM10: =Y10/C10-1 -> 0.28785077 | AN10: =AC10/C10-1 -> 0.28785077 | AO10: =AG10/C10-1 -> 0.28785077
A11: =A12-1 -> 1940 | C11: 3.33e-13 | E11: 0.22 | F11: 0.197 | G11: 43575 | H11: =G11 -> 43575 | I11: =H11/H$68*100 -> 15.253543 | J11: 5635000 | K11: =J11/J$68*100 -> 45.161888 | L11: =I11/K11*100 -> 33.775256 | N11: 3.36e-13 | O11: 1.243038e-14 | P11: =L11 -> 33.775256 | Q11: =Q12*P11/P12 -> 34.293211 | R11: =R12*P11/P12 -> 32.413503 | S11: 0.09689 | T11: =T12*'Largo Plazo'!O11/'Largo Plazo'!O12 -> 21.154626 | V11: =N$5*((O11/O$5)/(S11/S$5))*((T11/T$5)/(P11/P$5)) -> 3.7584214e-13 | W11: =V11/N11 -> 1.1185778 | X11: =W11/W$5 -> 1.220744 | Y11: =N11*X11 -> 4.1017e-13 | Z11: =N$5*((O11/O$5)/(S11/S$5))*((T11/T$5)/(Q11/Q$5)) -> 3.7584214e-13 | AA11: =Z11/N11 -> 1.1185778 | AB11: =AA11/AA$5 -> 1.220744 | AC11: =N11*AB11 -> 4.1017e-13 | AD11: =N$5*((O11/O$5)/(S11/S$5))*((T11/T$5)/(R11/R$5)) -> 3.7584214e-13 | AE11: =AD11/N11 -> 1.1185778 | AF11: =AE11/AE$5 -> 1.220744 | AG11: =N11*AF11 -> 4.1017e-13 | AH11: =N$5*((O11/O$5)/(S11/S$5)) -> 3.7726468e-13 | AI11: =AH11/N11 -> 1.1228115 | AJ11: =AI11/AI$5 -> 1.2304826 | AK11: =N11*AJ11 -> 4.1344214e-13 | AM11: =Y11/C11-1 -> 0.23174173 | AN11: =AC11/C11-1 -> 0.23174173 | AO11: =AG11/C11-1 -> 0.23174173
A12: =A13-1 -> 1941 | C12: 3.58e-13 | E12: 0.206 | F12: 0.204 | G12: 45852 | H12: =G12 -> 45852 | I12: =H12/H$68*100 -> 16.050613 | J12: 5783000 | K12: =J12/J$68*100 -> 46.348039 | L12: =I12/K12*100 -> 34.63062 | N12: 3.36e-13 | O12: 1.2759494e-14 | P12: =L12 -> 34.63062 | Q12: =Q13*P12/P13 -> 35.161692 | R12: =R13*P12/P13 -> 33.23438 | S12: 0.1017 | T12: =T13*'Largo Plazo'!O12/'Largo Plazo'!O13 -> 21.906313 | V12: =N$5*((O12/O$5)/(S12/S$5))*((T12/T$5)/(P12/P$5)) -> 3.7120588e-13 | W12: =V12/N12 -> 1.1047794 | X12: =W12/W$5 -> 1.2056854 | Y12: =N12*X12 -> 4.0511028e-13 | Z12: =N$5*((O12/O$5)/(S12/S$5))*((T12/T$5)/(Q12/Q$5)) -> 3.7120588e-13 | AA12: =Z12/N12 -> 1.1047794 | AB12: =AA12/AA$5 -> 1.2056854 | AC12: =N12*AB12 -> 4.0511028e-13 | AD12: =N$5*((O12/O$5)/(S12/S$5))*((T12/T$5)/(R12/R$5)) -> 3.7120588e-13 | AE12: =AD12/N12 -> 1.1047794 | AF12: =AE12/AE$5 -> 1.2056854 | AG12: =N12*AF12 -> 4.0511028e-13 | AH12: =N$5*((O12/O$5)/(S12/S$5)) -> 3.6893783e-13 | AI12: =AH12/N12 -> 1.0980293 | AJ12: =AI12/AI$5 -> 1.2033238 | AK12: =N12*AJ12 -> 4.043168e-13 | AM12: =Y12/C12-1 -> 0.13159296 | AN12: =AC12/C12-1 -> 0.13159296 | AO12: =AG12/C12-1 -> 0.13159296
A13: =A14-1 -> 1942 | C13: 3.56e-13 | E13: 0.196 | F13: 0.202 | G13: 46358 | H13: =G13 -> 46358 | I13: =H13/H$68*100 -> 16.22774 | J13: 5654000 | K13: =J13/J$68*100 -> 45.314164 | L13: =I13/K13*100 -> 35.811628 | N13: 3.36e-13 | O13: 1.3487342e-14 | P13: =L13 -> 35.811628 | Q13: =Q14*P13/P14 -> 36.360811 | R13: =R14*P13/P14 -> 34.367772 | S13: 0.1128 | T13: =T14*'Largo Plazo'!O13/'Largo Plazo'!O14 -> 21.691545 | V13: =N$5*((O13/O$5)/(S13/S$5))*((T13/T$5)/(P13/P$5)) -> 3.3874822e-13 | W13: =V13/N13 -> 1.0081792 | X13: =W13/W$5 -> 1.1002621 | Y13: =N13*X13 -> 3.6968808e-13 | Z13: =N$5*((O13/O$5)/(S13/S$5))*((T13/T$5)/(Q13/Q$5)) -> 3.3874822e-13 | AA13: =Z13/N13 -> 1.0081792 | AB13: =AA13/AA$5 -> 1.1002621 | AC13: =N13*AB13 -> 3.6968808e-13 | AD13: =N$5*((O13/O$5)/(S13/S$5))*((T13/T$5)/(R13/R$5)) -> 3.3874822e-13 | AE13: =AD13/N13 -> 1.0081792 | AF13: =AE13/AE$5 -> 1.1002621 | AG13: =N13*AF13 -> 3.6968808e-13 | AH13: =N$5*((O13/O$5)/(S13/S$5)) -> 3.5160737e-13 | AI13: =AH13/N13 -> 1.0464505 | AJ13: =AI13/AI$5 -> 1.1467989 | AK13: =N13*AJ13 -> 3.8532445e-13 | AM13: =Y13/C13-1 -> 0.038449655 | AN13: =AC13/C13-1 -> 0.038449655 | AO13: =AG13/C13-1 -> 0.038449655
A14: =A15-1 -> 1943 | C14: 3.9e-13 | E14: 0.182 | F14: 0.215 | G14: 46042 | H14: =G14 -> 46042 | I14: =H14/H$68*100 -> 16.117123 | J14: 5362000 | K14: =J14/J$68*100 -> 42.973921 | L14: =I14/K14*100 -> 37.504428 | N14: 3.36e-13 | O14: 1.3632911e-14 | P14: =L14 -> 37.504428 | Q14: =Q15*P14/P15 -> 38.079571 | R14: =R15*P14/P15 -> 35.992322 | S14: 0.1197 | T14: =T15*'Largo Plazo'!O14/'Largo Plazo'!O15 -> 23.087536 | V14: =N$5*((O14/O$5)/(S14/S$5))*((T14/T$5)/(P14/P$5)) -> 3.2793127e-13 | W14: =V14/N14 -> 0.97598592 | X14: =W14/W$5 -> 1.0651284 | Y14: =N14*X14 -> 3.5788315e-13 | Z14: =N$5*((O14/O$5)/(S14/S$5))*((T14/T$5)/(Q14/Q$5)) -> 3.2793127e-13 | AA14: =Z14/N14 -> 0.97598592 | AB14: =AA14/AA$5 -> 1.0651284 | AC14: =N14*AB14 -> 3.5788315e-13 | AD14: =N$5*((O14/O$5)/(S14/S$5))*((T14/T$5)/(R14/R$5)) -> 3.2793127e-13 | AE14: =AD14/N14 -> 0.97598592 | AF14: =AE14/AE$5 -> 1.0651284 | AG14: =N14*AF14 -> 3.5788315e-13 | AH14: =N$5*((O14/O$5)/(S14/S$5)) -> 3.3491544e-13 | AI14: =AH14/N14 -> 0.99677214 | AJ14: =AI14/AI$5 -> 1.0923567 | AK14: =N14*AJ14 -> 3.6703186e-13 | AM14: =Y14/C14-1 -> -0.082350901 | AN14: =AC14/C14-1 -> -0.082350901 | AO14: =AG14/C14-1 -> -0.082350901
A15: =A16-1 -> 1944 | C15: 4.1e-13 | E15: 0.188 | F15: 0.239 | G15: 51228 | H15: =G15 -> 51228 | I15: =H15/H$68*100 -> 17.932496 | J15: 5857000 | K15: =J15/J$68*100 -> 46.941114 | L15: =I15/K15*100 -> 38.20211 | N15: 3.36e-13 | O15: 1.3594937e-14 | P15: =L15 -> 38.20211 | Q15: =Q16*P15/P16 -> 38.787953 | R15: =R16*P15/P16 -> 36.661875 | S15: 0.1218 | T15: =T16*'Largo Plazo'!O15/'Largo Plazo'!O16 -> 25.664749 | V15: =N$5*((O15/O$5)/(S15/S$5))*((T15/T$5)/(P15/P$5)) -> 3.5072999e-13 | W15: =V15/N15 -> 1.0438393 | X15: =W15/W$5 -> 1.1391792 | Y15: =N15*X15 -> 3.8276421e-13 | Z15: =N$5*((O15/O$5)/(S15/S$5))*((T15/T$5)/(Q15/Q$5)) -> 3.5072999e-13 | AA15: =Z15/N15 -> 1.0438393 | AB15: =AA15/AA$5 -> 1.1391792 | AC15: =N15*AB15 -> 3.8276421e-13 | AD15: =N$5*((O15/O$5)/(S15/S$5))*((T15/T$5)/(R15/R$5)) -> 3.5072999e-13 | AE15: =AD15/N15 -> 1.0438393 | AF15: =AE15/AE$5 -> 1.1391792 | AG15: =N15*AF15 -> 3.8276421e-13 | AH15: =N$5*((O15/O$5)/(S15/S$5)) -> 3.2822421e-13 | AI15: =AH15/N15 -> 0.97685776 | AJ15: =AI15/AI$5 -> 1.0705327 | AK15: =N15*AJ15 -> 3.5969898e-13 | AM15: =Y15/C15-1 -> -0.066428751 | AN15: =AC15/C15-1 -> -0.066428751 | AO15: =AG15/C15-1 -> -0.066428751
A16: =A17-1 -> 1945 | C16: 4.77e-13 | E16: 0.179 | F16: 0.227 | G16: 49583 | H16: =G16 -> 49583 | I16: =H16/H$68*100 -> 17.35666 | J16: 5373000 | K16: =J16/J$68*100 -> 43.062081 | L16: =I16/K16*100 -> 40.306133 | N16: 3.36e-13 | O16: 1.6278481e-14 | P16: =L16 -> 40.306133 | Q16: =Q17*P16/P17 -> 40.924242 | R16: =R17*P16/P17 -> 38.681068 | S16: 0.1246 | T16: =T17*'Largo Plazo'!O16/'Largo Plazo'!O17 -> 24.376142 | V16: =N$5*((O16/O$5)/(S16/S$5))*((T16/T$5)/(P16/P$5)) -> 3.6955834e-13 | W16: =V16/N16 -> 1.099876 | X16: =W16/W$5 -> 1.2003341 | Y16: =N16*X16 -> 4.0331227e-13 | Z16: =N$5*((O16/O$5)/(S16/S$5))*((T16/T$5)/(Q16/Q$5)) -> 3.6955834e-13 | AA16: =Z16/N16 -> 1.099876 | AB16: =AA16/AA$5 -> 1.2003341 | AC16: =N16*AB16 -> 4.0331227e-13 | AD16: =N$5*((O16/O$5)/(S16/S$5))*((T16/T$5)/(R16/R$5)) -> 3.6955834e-13 | AE16: =AD16/N16 -> 1.099876 | AF16: =AE16/AE$5 -> 1.2003341 | AG16: =N16*AF16 -> 4.0331227e-13 | AH16: =N$5*((O16/O$5)/(S16/S$5)) -> 3.8418158e-13 | AI16: =AH16/N16 -> 1.1433976 | AJ16: =AI16/AI$5 -> 1.2530427 | AK16: =N16*AJ16 -> 4.2102234e-13 | AM16: =Y16/C16-1 -> -0.15448162 | AN16: =AC16/C16-1 -> -0.15448162 | AO16: =AG16/C16-1 -> -0.15448162
A17: =A18-1 -> 1946 | C17: 4.36e-13 | E17: 0.188 | F17: 0.2 | G17: 54011 | H17: =G17 -> 54011 | I17: =H17/H$68*100 -> 18.906693 | J17: 5662000 | K17: =J17/J$68*100 -> 45.378281 | L17: =I17/K17*100 -> 41.66463 | N17: 3.36e-13 | O17: 1.9151899e-14 | P17: =L17 -> 41.66463 | Q17: =Q18*P17/P18 -> 42.303571 | R17: =R18*P17/P18 -> 39.984793 | S17: 0.1349 | T17: =T18*'Largo Plazo'!O17/'Largo Plazo'!O18 -> 21.476777 | V17: =N$5*((O17/O$5)/(S17/S$5))*((T17/T$5)/(P17/P$5)) -> 3.4229047e-13 | W17: =V17/N17 -> 1.0187216 | X17: =W17/W$5 -> 1.1117674 | Y17: =N17*X17 -> 3.7355386e-13 | Z17: =N$5*((O17/O$5)/(S17/S$5))*((T17/T$5)/(Q17/Q$5)) -> 3.4229047e-13 | AA17: =Z17/N17 -> 1.0187216 | AB17: =AA17/AA$5 -> 1.1117674 | AC17: =N17*AB17 -> 3.7355386e-13 | AD17: =N$5*((O17/O$5)/(S17/S$5))*((T17/T$5)/(R17/R$5)) -> 3.4229047e-13 | AE17: =AD17/N17 -> 1.0187216 | AF17: =AE17/AE$5 -> 1.1117674 | AG17: =N17*AF17 -> 3.7355386e-13 | AH17: =N$5*((O17/O$5)/(S17/S$5)) -> 4.1748473e-13 | AI17: =AH17/N17 -> 1.2425141 | AJ17: =AI17/AI$5 -> 1.3616639 | AK17: =N17*AJ17 -> 4.5751906e-13 | AM17: =Y17/C17-1 -> -0.14322509 | AN17: =AC17/C17-1 -> -0.14322509 | AO17: =AG17/C17-1 -> -0.14322509
A18: =A19-1 -> 1947 | C18: 4.19e-13 | E18: 0.205 | F18: 0.211 | G18: 60999 | H18: =G18 -> 60999 | I18: =H18/H$68*100 -> 21.35286 | J18: 6267000 | K18: =J18/J$68*100 -> 50.227073 | L18: =I18/K18*100 -> 42.512652 | N18: 3.36e-13 | O18: 2.1746835e-14 | P18: =L18 -> 42.512652 | Q18: =Q19*P18/P19 -> 43.164598 | R18: =R19*P18/P19 -> 40.798624 | S18: 0.1543 | T18: 22.658 | V18: =N$5*((O18/O$5)/(S18/S$5))*((T18/T$5)/(P18/P$5)) -> 3.513394e-13 | W18: =V18/N18 -> 1.045653 | X18: =W18/W$5 -> 1.1411586 | Y18: =N18*X18 -> 3.8342928e-13 | Z18: =N$5*((O18/O$5)/(S18/S$5))*((T18/T$5)/(Q18/Q$5)) -> 3.513394e-13 | AA18: =Z18/N18 -> 1.045653 | AB18: =AA18/AA$5 -> 1.1411586 | AC18: =N18*AB18 -> 3.8342928e-13 | AD18: =N$5*((O18/O$5)/(S18/S$5))*((T18/T$5)/(R18/R$5)) -> 3.513394e-13 | AE18: =AD18/N18 -> 1.045653 | AF18: =AE18/AE$5 -> 1.1411586 | AG18: =N18*AF18 -> 3.8342928e-13 | AH18: =N$5*((O18/O$5)/(S18/S$5)) -> 4.1444876e-13 | AI18: =AH18/N18 -> 1.2334785 | AJ18: =AI18/AI$5 -> 1.3517618 | AK18: =N18*AJ18 -> 4.5419196e-13 | AM18: =Y18/C18-1 -> -0.084894316 | AN18: =AC18/C18-1 -> -0.084894316 | AO18: =AG18/C18-1 -> -0.084894316
A19: =A20-1 -> 1948 | C19: 4.58e-13 | E19: 0.205 | F19: 0.22 | G19: 65391 | H19: =G19 -> 65391 | I19: =H19/H$68*100 -> 22.890292 | J19: 6588000 | K19: =J19/J$68*100 -> 52.799737 | L19: =I19/K19*100 -> 43.353041 | N19: 3.36e-13 | O19: 2.4594937e-14 | P19: =L19 -> 43.353041 | Q19: =Q20*P19/P20 -> 44.017874 | R19: =R20*P19/P20 -> 41.60513 | S19: 0.1668 | T19: 24.191 | V19: =N$5*((O19/O$5)/(S19/S$5))*((T19/T$5)/(P19/P$5)) -> 3.8483739e-13 | W19: =V19/N19 -> 1.1453494 | X19: =W19/W$5 -> 1.2499608 | Y19: =N19*X19 -> 4.1998684e-13 | Z19: =N$5*((O19/O$5)/(S19/S$5))*((T19/T$5)/(Q19/Q$5)) -> 3.8483739e-13 | AA19: =Z19/N19 -> 1.1453494 | AB19: =AA19/AA$5 -> 1.2499608 | AC19: =N19*AB19 -> 4.1998684e-13 | AD19: =N$5*((O19/O$5)/(S19/S$5))*((T19/T$5)/(R19/R$5)) -> 3.8483739e-13 | AE19: =AD19/N19 -> 1.1453494 | AF19: =AE19/AE$5 -> 1.2499608 | AG19: =N19*AF19 -> 4.1998684e-13 | AH19: =N$5*((O19/O$5)/(S19/S$5)) -> 4.3360109e-13 | AI19: =AH19/N19 -> 1.2904794 | AJ19: =AI19/AI$5 -> 1.4142288 | AK19: =N19*AJ19 -> 4.7518089e-13 | AM19: =Y19/C19-1 -> -0.082998175 | AN19: =AC19/C19-1 -> -0.082998175 | AO19: =AG19/C19-1 -> -0.082998175
A20: =A21-1 -> 1949 | C20: 6.47e-13 | E20: 0.199 | F20: 0.228 | G20: 65597 | H20: =G20 -> 65597 | I20: =H20/H$68*100 -> 22.962402 | J20: 6486000 | K20: =J20/J$68*100 -> 51.982255 | L20: =I20/K20*100 -> 44.17354 | N20: 3.36e-13 | O20: 3.2240506e-14 | P20: =L20 -> 44.17354 | Q20: =Q21*P20/P21 -> 44.850957 | R20: =R21*P20/P21 -> 42.392549 | S20: 0.1647 | T20: 25.481 | V20: =N$5*((O20/O$5)/(S20/S$5))*((T20/T$5)/(P20/P$5)) -> 5.2814826e-13 | W20: =V20/N20 -> 1.5718698 | X20: =W20/W$5 -> 1.7154379 | Y20: =N20*X20 -> 5.7638712e-13 | Z20: =N$5*((O20/O$5)/(S20/S$5))*((T20/T$5)/(Q20/Q$5)) -> 5.2814826e-13 | AA20: =Z20/N20 -> 1.5718698 | AB20: =AA20/AA$5 -> 1.7154379 | AC20: =N20*AB20 -> 5.7638712e-13 | AD20: =N$5*((O20/O$5)/(S20/S$5))*((T20/T$5)/(R20/R$5)) -> 5.2814826e-13 | AE20: =AD20/N20 -> 1.5718698 | AF20: =AE20/AE$5 -> 1.7154379 | AG20: =N20*AF20 -> 5.7638712e-13 | AH20: =N$5*((O20/O$5)/(S20/S$5)) -> 5.7563734e-13 | AI20: =AH20/N20 -> 1.7132064 | AJ20: =AI20/AI$5 -> 1.8774928 | AK20: =N20*AJ20 -> 6.3083758e-13 | AM20: =Y20/C20-1 -> -0.10913891 | AN20: =AC20/C20-1 -> -0.10913891 | AO20: =AG20/C20-1 -> -0.10913891
A21: =A22-1 -> 1950 | C21: 7.92e-13 | E21: 0.208 | F21: 0.235 | G21: 67477 | H21: =G21 -> 67477 | I21: =H21/H$68*100 -> 23.620501 | J21: 6550000 | K21: =J21/J$68*100 -> 52.495185 | L21: =I21/K21*100 -> 44.995558 | N21: 3.91e-13 | O21: 4.0474684e-14 | P21: =L21 -> 44.995558 | Q21: =Q22*P21/P22 -> 45.68558 | R21: =R22*P21/P22 -> 43.181424 | S21: 0.1668 | T21: 27.383 | V21: =N$5*((O21/O$5)/(S21/S$5))*((T21/T$5)/(P21/P$5)) -> 6.9070427e-13 | W21: =V21/N21 -> 1.7665071 | X21: =W21/W$5 -> 1.9278525 | Y21: =N21*X21 -> 7.5379032e-13 | Z21: =N$5*((O21/O$5)/(S21/S$5))*((T21/T$5)/(Q21/Q$5)) -> 6.9070427e-13 | AA21: =Z21/N21 -> 1.7665071 | AB21: =AA21/AA$5 -> 1.9278525 | AC21: =N21*AB21 -> 7.5379032e-13 | AD21: =N$5*((O21/O$5)/(S21/S$5))*((T21/T$5)/(R21/R$5)) -> 6.9070427e-13 | AE21: =AD21/N21 -> 1.7665071 | AF21: =AE21/AE$5 -> 1.9278525 | AG21: =N21*AF21 -> 7.5379032e-13 | AH21: =N$5*((O21/O$5)/(S21/S$5)) -> 7.135561e-13 | AI21: =AH21/N21 -> 1.8249517 | AJ21: =AI21/AI$5 -> 1.9999538 | AK21: =N21*AJ21 -> 7.8198193e-13 | AM21: =Y21/C21-1 -> -0.048244541 | AN21: =AC21/C21-1 -> -0.048244541 | AO21: =AG21/C21-1 -> -0.048244541
A22: =A23-1 -> 1951 | C22: 9.9e-13 | E22: 0.212 | F22: 0.235 | G22: 70100 | H22: =G22 -> 70100 | I22: =H22/H$68*100 -> 24.538689 | J22: 6682000 | K22: =J22/J$68*100 -> 53.553103 | L22: =I22/K22*100 -> 45.821228 | N22: 5e-13 | O22: 5.5322785e-14 | P22: =L22 -> 45.821228 | Q22: =Q23*P22/P23 -> 46.523912 | R22: =R23*P22/P23 -> 43.973805 | S22: 0.1799 | T22: 27.134 | V22: =N$5*((O22/O$5)/(S22/S$5))*((T22/T$5)/(P22/P$5)) -> 8.5175228e-13 | W22: =V22/N22 -> 1.7035046 | X22: =W22/W$5 -> 1.8590956 | Y22: =N22*X22 -> 9.295478e-13 | Z22: =N$5*((O22/O$5)/(S22/S$5))*((T22/T$5)/(Q22/Q$5)) -> 8.5175228e-13 | AA22: =Z22/N22 -> 1.7035046 | AB22: =AA22/AA$5 -> 1.8590956 | AC22: =N22*AB22 -> 9.295478e-13 | AD22: =N$5*((O22/O$5)/(S22/S$5))*((T22/T$5)/(R22/R$5)) -> 8.5175228e-13 | AE22: =AD22/N22 -> 1.7035046 | AF22: =AE22/AE$5 -> 1.8590956 | AG22: =N22*AF22 -> 9.295478e-13 | AH22: =N$5*((O22/O$5)/(S22/S$5)) -> 9.0430217e-13 | AI22: =AH22/N22 -> 1.8086043 | AJ22: =AI22/AI$5 -> 1.9820389 | AK22: =N22*AJ22 -> 9.9101943e-13 | AM22: =Y22/C22-1 -> -0.061062832 | AN22: =AC22/C22-1 -> -0.061062832 | AO22: =AG22/C22-1 -> -0.061062832
A23: =A24-1 -> 1952 | C23: 1.2e-12 | E23: 0.204 | F23: 0.249 | G23: 66572 | H23: =G23 -> 66572 | I23: =H23/H$68*100 -> 23.303704 | J23: 6234000 | K23: =J23/J$68*100 -> 49.962593 | L23: =I23/K23*100 -> 46.642302 | N23: 5e-13 | O23: 6.264557e-14 | P23: =L23 -> 46.642302 | Q23: =Q24*P23/P24 -> 47.357578 | R23: =R24*P23/P24 -> 44.761775 | S23: 0.1834 | T23: 27.781 | V23: =N$5*((O23/O$5)/(S23/S$5))*((T23/T$5)/(P23/P$5)) -> 9.5159524e-13 | W23: =V23/N23 -> 1.9031905 | X23: =W23/W$5 -> 2.07702 | Y23: =N23*X23 -> 1.03851e-12 | Z23: =N$5*((O23/O$5)/(S23/S$5))*((T23/T$5)/(Q23/Q$5)) -> 9.5159524e-13 | AA23: =Z23/N23 -> 1.9031905 | AB23: =AA23/AA$5 -> 2.07702 | AC23: =N23*AB23 -> 1.03851e-12 | AD23: =N$5*((O23/O$5)/(S23/S$5))*((T23/T$5)/(R23/R$5)) -> 9.5159524e-13 | AE23: =AD23/N23 -> 1.9031905 | AF23: =AE23/AE$5 -> 2.07702 | AG23: =N23*AF23 -> 1.03851e-12 | AH23: =N$5*((O23/O$5)/(S23/S$5)) -> 1.0044579e-12 | AI23: =AH23/N23 -> 2.0089158 | AJ23: =AI23/AI$5 -> 2.201559 | AK23: =N23*AJ23 -> 1.1007795e-12 | AM23: =Y23/C23-1 -> -0.134575 | AN23: =AC23/C23-1 -> -0.134575 | AO23: =AG23/C23-1 -> -0.134575
A24: =A25-1 -> 1953 | C24: 1.5e-12 | E24: 0.213 | F24: 0.257 | G24: 70100 | H24: =G24 -> 70100 | I24: =H24/H$68*100 -> 24.538689 | J24: 6450000 | K24: =J24/J$68*100 -> 51.693732 | L24: =I24/K24*100 -> 47.469371 | N24: 5e-13 | O24: 7.9810127e-14 | P24: =L24 -> 47.469371 | Q24: =Q25*P24/P25 -> 48.19733 | R24: =R25*P24/P25 -> 45.555498 | S24: 0.1848 | T24: 28.929 | V24: =N$5*((O24/O$5)/(S24/S$5))*((T24/T$5)/(P24/P$5)) -> 1.2310319e-12 | W24: =V24/N24 -> 2.4620638 | X24: =W24/W$5 -> 2.6869385 | Y24: =N24*X24 -> 1.3434693e-12 | Z24: =N$5*((O24/O$5)/(S24/S$5))*((T24/T$5)/(Q24/Q$5)) -> 1.2310319e-12 | AA24: =Z24/N24 -> 2.4620638 | AB24: =AA24/AA$5 -> 2.6869385 | AC24: =N24*AB24 -> 1.3434693e-12 | AD24: =N$5*((O24/O$5)/(S24/S$5))*((T24/T$5)/(R24/R$5)) -> 1.2310319e-12 | AE24: =AD24/N24 -> 2.4620638 | AF24: =AE24/AE$5 -> 2.6869385 | AG24: =N24*AF24 -> 1.3434693e-12 | AH24: =N$5*((O24/O$5)/(S24/S$5)) -> 1.2699796e-12 | AI24: =AH24/N24 -> 2.5399592 | AJ24: =AI24/AI$5 -> 2.7835263 | AK24: =N24*AJ24 -> 1.3917631e-12 | AM24: =Y24/C24-1 -> -0.10435383 | AN24: =AC24/C24-1 -> -0.10435383 | AO24: =AG24/C24-1 -> -0.10435383
A25: =A26-1 -> 1954 | C25: 1.48e-12 | E25: 0.229 | F25: 0.264 | G25: 72994 | H25: =G25 -> 72994 | I25: =H25/H$68*100 -> 25.551742 | J25: 6602000 | K25: =J25/J$68*100 -> 52.911941 | L25: =I25/K25*100 -> 48.291069 | N25: 5e-13 | O25: 8.2848101e-14 | P25: =L25 -> 48.291069 | Q25: =Q26*P25/P26 -> 49.031629 | R25: =R26*P25/P26 -> 46.344066 | S25: 0.1862 | T25: 30.165 | V25: =N$5*((O25/O$5)/(S25/S$5))*((T25/T$5)/(P25/P$5)) -> 1.2999682e-12 | W25: =V25/N25 -> 2.5999364 | X25: =W25/W$5 -> 2.8374038 | Y25: =N25*X25 -> 1.4187019e-12 | Z25: =N$5*((O25/O$5)/(S25/S$5))*((T25/T$5)/(Q25/Q$5)) -> 1.2999682e-12 | AA25: =Z25/N25 -> 2.5999364 | AB25: =AA25/AA$5 -> 2.8374038 | AC25: =N25*AB25 -> 1.4187019e-12 | AD25: =N$5*((O25/O$5)/(S25/S$5))*((T25/T$5)/(R25/R$5)) -> 1.2999682e-12 | AE25: =AD25/N25 -> 2.5999364 | AF25: =AE25/AE$5 -> 2.8374038 | AG25: =N25*AF25 -> 1.4187019e-12 | AH25: =N$5*((O25/O$5)/(S25/S$5)) -> 1.3084092e-12 | AI25: =AH25/N25 -> 2.6168184 | AJ25: =AI25/AI$5 -> 2.8677559 | AK25: =N25*AJ25 -> 1.4338779e-12 | AM25: =Y25/C25-1 -> -0.041417633 | AN25: =AC25/C25-1 -> -0.041417633 | AO25: =AG25/C25-1 -> -0.041417633
A26: =A27-1 -> 1955 | C26: 1.68e-12 | E26: 0.241 | F26: 0.28 | G26: 78150 | H26: =G26 -> 78150 | I26: =H26/H$68*100 -> 27.356613 | J26: 6950000 | K26: =J26/J$68*100 -> 55.700998 | L26: =I26/K26*100 -> 49.113327 | N26: 6.9e-13 | O26: 9.3037975e-14 | P26: =L26 -> 49.113327 | Q26: =Q27*P26/P27 -> 49.866497 | R26: =R27*P26/P27 -> 47.133173 | S26: 0.1855 | T26: 31.96 | V26: =N$5*((O26/O$5)/(S26/S$5))*((T26/T$5)/(P26/P$5)) -> 1.5265713e-12 | W26: =V26/N26 -> 2.2124222 | X26: =W26/W$5 -> 2.4144956 | Y26: =N26*X26 -> 1.666002e-12 | Z26: =N$5*((O26/O$5)/(S26/S$5))*((T26/T$5)/(Q26/Q$5)) -> 1.5265713e-12 | AA26: =Z26/N26 -> 2.2124222 | AB26: =AA26/AA$5 -> 2.4144956 | AC26: =N26*AB26 -> 1.666002e-12 | AD26: =N$5*((O26/O$5)/(S26/S$5))*((T26/T$5)/(R26/R$5)) -> 1.5265713e-12 | AE26: =AD26/N26 -> 2.2124222 | AF26: =AE26/AE$5 -> 2.4144956 | AG26: =N26*AF26 -> 1.666002e-12 | AH26: =N$5*((O26/O$5)/(S26/S$5)) -> 1.4748812e-12 | AI26: =AH26/N26 -> 2.137509 | AJ26: =AI26/AI$5 -> 2.3424835 | AK26: =N26*AJ26 -> 1.6163136e-12 | AM26: =Y26/C26-1 -> -0.0083321655 | AN26: =AC26/C26-1 -> -0.0083321655 | AO26: =AG26/C26-1 -> -0.0083321655
A27: =A28-1 -> 1956 | C27: 1.88e-12 | E27: 0.24 | F27: 0.279 | G27: 80321 | H27: =G27 -> 80321 | I27: =H27/H$68*100 -> 28.116577 | J27: 7025000 | K27: =J27/J$68*100 -> 56.302088 | L27: =I27/K27*100 -> 49.938783 | N27: 1.8e-12 | O27: 1.0550633e-13 | P27: =L27 -> 49.938783 | Q27: =Q28*P27/P28 -> 50.704611 | R27: =R28*P27/P28 -> 47.925348 | S27: 0.1882 | T27: 32.159 | V27: =N$5*((O27/O$5)/(S27/S$5))*((T27/T$5)/(P27/P$5)) -> 1.6885612e-12 | W27: =V27/N27 -> 0.93808957 | X27: =W27/W$5 -> 1.0237708 | Y27: =N27*X27 -> 1.8427874e-12 | Z27: =N$5*((O27/O$5)/(S27/S$5))*((T27/T$5)/(Q27/Q$5)) -> 1.6885612e-12 | AA27: =Z27/N27 -> 0.93808957 | AB27: =AA27/AA$5 -> 1.0237708 | AC27: =N27*AB27 -> 1.8427874e-12 | AD27: =N$5*((O27/O$5)/(S27/S$5))*((T27/T$5)/(R27/R$5)) -> 1.6885612e-12 | AE27: =AD27/N27 -> 0.93808957 | AF27: =AE27/AE$5 -> 1.0237708 | AG27: =N27*AF27 -> 1.8427874e-12 | AH27: =N$5*((O27/O$5)/(S27/S$5)) -> 1.6485404e-12 | AI27: =AH27/N27 -> 0.91585579 | AJ27: =AI27/AI$5 -> 1.003681 | AK27: =N27*AJ27 -> 1.8066257e-12 | AM27: =Y27/C27-1 -> -0.019793939 | AN27: =AC27/C27-1 -> -0.019793939 | AO27: =AG27/C27-1 -> -0.019793939
A28: =A29-1 -> 1957 | C28: 2.24e-12 | E28: 0.25 | F28: 0.286 | G28: 84481 | H28: =G28 -> 84481 | I28: =H28/H$68*100 -> 29.572796 | J28: 7270000 | K28: =J28/J$68*100 -> 58.265648 | L28: =I28/K28*100 -> 50.755114 | N28: 1.8e-12 | O28: 1.3158228e-13 | P28: =L28 -> 50.755114 | Q28: =Q29*P28/P29 -> 51.533461 | R28: =R29*P28/P29 -> 48.708766 | S28: 0.1945 | T28: 32.851 | V28: =N$5*((O28/O$5)/(S28/S$5))*((T28/T$5)/(P28/P$5)) -> 2.048047e-12 | W28: =V28/N28 -> 1.1378039 | X28: =W28/W$5 -> 1.2417262 | Y28: =N28*X28 -> 2.2351071e-12 | Z28: =N$5*((O28/O$5)/(S28/S$5))*((T28/T$5)/(Q28/Q$5)) -> 2.048047e-12 | AA28: =Z28/N28 -> 1.1378039 | AB28: =AA28/AA$5 -> 1.2417262 | AC28: =N28*AB28 -> 2.2351071e-12 | AD28: =N$5*((O28/O$5)/(S28/S$5))*((T28/T$5)/(R28/R$5)) -> 2.048047e-12 | AE28: =AD28/N28 -> 1.1378039 | AF28: =AE28/AE$5 -> 1.2417262 | AG28: =N28*AF28 -> 2.2351071e-12 | AH28: =N$5*((O28/O$5)/(S28/S$5)) -> 1.9893835e-12 | AI28: =AH28/N28 -> 1.105213 | AJ28: =AI28/AI$5 -> 1.2111965 | AK28: =N28*AJ28 -> 2.1801536e-12 | AM28: =Y28/C28-1 -> -0.0021843315 | AN28: =AC28/C28-1 -> -0.0021843315 | AO28: =AG28/C28-1 -> -0.0021843315
A29: =A30-1 -> 1958 | C29: 2.77e-12 | E29: 0.264 | F29: 0.293 | G29: 89637 | H29: =G29 -> 89637 | I29: =H29/H$68*100 -> 31.377668 | J29: 7590000 | K29: =J29/J$68*100 -> 60.830299 | L29: =I29/K29*100 -> 51.582301 | N29: 1.8e-12 | O29: 1.7316456e-13 | P29: =L29 -> 51.582301 | Q29: =Q30*P29/P30 -> 52.373333 | R29: =R30*P29/P30 -> 49.502603 | S29: 0.2 | T29: 33.515 | V29: =N$5*((O29/O$5)/(S29/S$5))*((T29/T$5)/(P29/P$5)) -> 2.6312424e-12 | W29: =V29/N29 -> 1.4618013 | X29: =W29/W$5 -> 1.5953162 | Y29: =N29*X29 -> 2.8715691e-12 | Z29: =N$5*((O29/O$5)/(S29/S$5))*((T29/T$5)/(Q29/Q$5)) -> 2.6312424e-12 | AA29: =Z29/N29 -> 1.4618013 | AB29: =AA29/AA$5 -> 1.5953162 | AC29: =N29*AB29 -> 2.8715691e-12 | AD29: =N$5*((O29/O$5)/(S29/S$5))*((T29/T$5)/(R29/R$5)) -> 2.6312424e-12 | AE29: =AD29/N29 -> 1.4618013 | AF29: =AE29/AE$5 -> 1.5953162 | AG29: =N29*AF29 -> 2.8715691e-12 | AH29: =N$5*((O29/O$5)/(S29/S$5)) -> 2.5460663e-12 | AI29: =AH29/N29 -> 1.4144813 | AJ29: =AI29/AI$5 -> 1.5501217 | AK29: =N29*AJ29 -> 2.7902191e-12 | AM29: =Y29/C29-1 -> 0.036667563 | AN29: =AC29/C29-1 -> 0.036667563 | AO29: =AG29/C29-1 -> 0.036667563
... A60: =A61-1 -> 1989 | C60: 0.0297 | E60: 0.585 | F60: 0.739 | G60: 185668 | H60: =G60 -> 185668 | I60: =H60/H$68*100 -> 64.993572 | J60: 11638411 | K60: =J60/J$68*100 -> 93.27642 | L60: =I60/K60*100 -> 69.678459 | N60: 0.0394 | O60: 0.0069873418 | P60: =L60 -> 69.678459 | Q60: =Q61*P60/P61 -> 70.747002 | R60: =R61*P60/P61 -> 66.869158 | S60: 0.8581 | T60: 61.899 | V60: =N$5*((O60/O$5)/(S60/S$5))*((T60/T$5)/(P60/P$5)) -> 0.033833936 | W60: =V60/N60 -> 0.85872933 | X60: =W60/W$5 -> 0.9371621 | Y60: =N60*X60 -> 0.036924187 | Z60: =N$5*((O60/O$5)/(S60/S$5))*((T60/T$5)/(Q60/Q$5)) -> 0.033833936 | AA60: =Z60/N60 -> 0.85872933 | AB60: =AA60/AA$5 -> 0.9371621 | AC60: =N60*AB60 -> 0.036924187 | AD60: =N$5*((O60/O$5)/(S60/S$5))*((T60/T$5)/(R60/R$5)) -> 0.033833936 | AE60: =AD60/N60 -> 0.85872933 | AF60: =AE60/AE$5 -> 0.9371621 | AG60: =N60*AF60 -> 0.036924187 | AH60: =N$5*((O60/O$5)/(S60/S$5)) -> 0.023944997 | AI60: =AH60/N60 -> 0.60774104 | AJ60: =AI60/AI$5 -> 0.66601984 | AK60: =N60*AJ60 -> 0.026241181 | AM60: =Y60/C60-1 -> 0.24323861 | AN60: =AC60/C60-1 -> 0.24323861 | AO60: =AG60/C60-1 -> 0.24323861
A61: 1990 | C61: 0.733 | E61: 0.559 | F61: 0.761 | G61: 183184 | H61: =G61 -> 183184 | I61: =H61/H$68*100 -> 64.124041 | J61: 11610027 | K61: =J61/J$68*100 -> 93.048933 | L61: =I61/K61*100 -> 68.914322 | N61: 0.449 | O61: 0.16858592 | P61: =L61 -> 68.914322 | Q61: =Q62*P61/P62 -> 69.971147 | R61: =R62*P61/P62 -> 66.13583 | S61: 0.9045 | T61: 62.37 | V61: =N$5*((O61/O$5)/(S61/S$5))*((T61/T$5)/(P61/P$5)) -> 0.78899148 | W61: =V61/N61 -> 1.7572193 | X61: =W61/W$5 -> 1.9177164 | Y61: =N61*X61 -> 0.86105469 | Z61: =N$5*((O61/O$5)/(S61/S$5))*((T61/T$5)/(Q61/Q$5)) -> 0.78899148 | AA61: =Z61/N61 -> 1.7572193 | AB61: =AA61/AA$5 -> 1.9177164 | AC61: =N61*AB61 -> 0.86105469 | AD61: =N$5*((O61/O$5)/(S61/S$5))*((T61/T$5)/(R61/R$5)) -> 0.78899148 | AE61: =AD61/N61 -> 1.7572193 | AF61: =AE61/AE$5 -> 1.9177164 | AG61: =N61*AF61 -> 0.86105469 | AH61: =N$5*((O61/O$5)/(S61/S$5)) -> 0.54809195 | AI61: =AH61/N61 -> 1.2206948 | AJ61: =AI61/AI$5 -> 1.3377522 | AK61: =N61*AJ61 -> 0.60065075 | AM61: =Y61/C61-1 -> 0.17469943 | AN61: =AC61/C61-1 -> 0.17469943 | AO61: =AG61/C61-1 -> 0.17469943
A62: 1991 | B62: 0.95 | C62: 1.69 | D62: 1.59 | E62: 0.647 | G62: 202419 | H62: =G62 -> 202419 | I62: =H62/H$68*100 -> 70.857303 | J62: 12051438 | K62: =J62/J$68*100 -> 96.586633 | L62: =I62/K62*100 -> 73.361397 | N62: 0.95 | O62: 0.45800023 | P62: =L62 -> 73.361397 | Q62: =Q63*P62/P63 -> 74.486419 | R62: =R63*P62/P63 -> 70.403608 | S62: 0.9426 | T62: 63.744 | V62: =N$5*((O62/O$5)/(S62/S$5))*((T62/T$5)/(P62/P$5)) -> 1.9747099 | W62: =V62/N62 -> 2.078642 | X62: =W62/W$5 -> 2.2684966 | Y62: =N62*X62 -> 2.1550717 | Z62: =N$5*((O62/O$5)/(S62/S$5))*((T62/T$5)/(Q62/Q$5)) -> 1.9747099 | AA62: =Z62/N62 -> 2.078642 | AB62: =AA62/AA$5 -> 2.2684966 | AC62: =N62*AB62 -> 2.1550717 | AD62: =N$5*((O62/O$5)/(S62/S$5))*((T62/T$5)/(R62/R$5)) -> 1.9747099 | AE62: =AD62/N62 -> 2.078642 | AF62: =AE62/AE$5 -> 2.2684966 | AG62: =N62*AF62 -> 2.1550717 | AH62: =N$5*((O62/O$5)/(S62/S$5)) -> 1.4288247 | AI62: =AH62/N62 -> 1.504026 | AJ62: =AI62/AI$5 -> 1.6482533 | AK62: =N62*AJ62 -> 1.5658406 | AM62: =Y62/C62-1 -> 0.27519038 | AN62: =AC62/C62-1 -> 0.27519038 | AO62: =AG62/C62-1 -> 0.27519038
A63: 1992 | B63: 0.99 | C63: 1.9 | D63: 1.93 | E63: 0.737 | G63: 223267 | H63: =G63 -> 223267 | I63: =H63/H$68*100 -> 78.155201 | J63: 12278666 | K63: =J63/J$68*100 -> 98.407762 | L63: =I63/K63*100 -> 79.419752 | N63: 0.99 | O63: 0.57204205 | P63: =L63 -> 79.419752 | Q63: =Q64*P63/P64 -> 80.637681 | R63: =R64*P63/P64 -> 76.217701 | S63: 0.9709 | T63: 65.571 | V63: =N$5*((O63/O$5)/(S63/S$5))*((T63/T$5)/(P63/P$5)) -> 2.275255 | W63: =V63/N63 -> 2.2982373 | X63: =W63/W$5 -> 2.5081488 | Y63: =N63*X63 -> 2.4830673 | Z63: =N$5*((O63/O$5)/(S63/S$5))*((T63/T$5)/(Q63/Q$5)) -> 2.275255 | AA63: =Z63/N63 -> 2.2982373 | AB63: =AA63/AA$5 -> 2.5081488 | AC63: =N63*AB63 -> 2.4830673 | AD63: =N$5*((O63/O$5)/(S63/S$5))*((T63/T$5)/(R63/R$5)) -> 2.275255 | AE63: =AD63/N63 -> 2.2982373 | AF63: =AE63/AE$5 -> 2.5081488 | AG63: =N63*AF63 -> 2.4830673 | AH63: =N$5*((O63/O$5)/(S63/S$5)) -> 1.7325834 | AI63: =AH63/N63 -> 1.7500843 | AJ63: =AI63/AI$5 -> 1.9179071 | AK63: =N63*AJ63 -> 1.898728 | AM63: =Y63/C63-1 -> 0.30687753 | AN63: =AC63/C63-1 -> 0.30687753 | AO63: =AG63/C63-1 -> 0.30687753
A64: 1993 | B64: 0.99 | C64: 1.97 | D64: 2.07 | E64: 0.785 | G64: 236504.98 | H64: 236504.98 | I64: =H64/H$68*100 -> 82.789191 | J64: 12409426 | K64: =J64/J$68*100 -> 99.45574 | L64: =I64/K64*100 -> 83.242245 | N64: 0.99 | O64: 0.63274437 | P64: =L64 -> 83.242245 | Q64: 84.518794 | R64: 79.886079 | S64: 1 | T64: 65.529 | V64: =N$5*((O64/O$5)/(S64/S$5))*((T64/T$5)/(P64/P$5)) -> 2.329761 | W64: =V64/N64 -> 2.353294 | X64: =W64/W$5 -> 2.5682341 | Y64: =N64*X64 -> 2.5425517 | Z64: =N$5*((O64/O$5)/(S64/S$5))*((T64/T$5)/(Q64/Q$5)) -> 2.329761 | AA64: =Z64/N64 -> 2.353294 | AB64: =AA64/AA$5 -> 2.5682341 | AC64: =N64*AB64 -> 2.5425517 | AD64: =N$5*((O64/O$5)/(S64/S$5))*((T64/T$5)/(R64/R$5)) -> 2.329761 | AE64: =AD64/N64 -> 2.353294 | AF64: =AE64/AE$5 -> 2.5682341 | AG64: =N64*AF64 -> 2.5425517 | AH64: =N$5*((O64/O$5)/(S64/S$5)) -> 1.8606685 | AI64: =AH64/N64 -> 1.8794631 | AJ64: =AI64/AI$5 -> 2.0596925 | AK64: =N64*AJ64 -> 2.0390956 | AM64: =Y64/C64-1 -> 0.2906354 | AN64: =AC64/C64-1 -> 0.2906354 | AO64: =AG64/C64-1 -> 0.2906354
A65: 1994 | B65: 1 | C65: 1.98 | D65: 2.1 | G65: 250308 | H65: 252143.87 | I65: =H65/H$68*100 -> 88.263624 | J65: 12204891 | K65: =J65/J$68*100 -> 97.816491 | L65: =I65/K65*100 -> 90.233889 | N65: 1 | O65: 0.65917624 | P65: =L65 -> 90.233889 | Q65: 99.06571 | R65: 91.674682 | S65: 1.026 | T65: 66.614 | V65: =N$5*((O65/O$5)/(S65/S$5))*((T65/T$5)/(P65/P$5)) -> 2.2184179 | W65: =V65/N65 -> 2.2184179 | X65: =W65/W$5 -> 2.4210389 | Y65: =N65*X65 -> 2.4210389 | Z65: =N$5*((O65/O$5)/(S65/S$5))*((T65/T$5)/(Q65/Q$5)) -> 2.0516307 | AA65: =Z65/N65 -> 2.0516307 | AB65: =AA65/AA$5 -> 2.2390181 | AC65: =N65*AB65 -> 2.2390181 | AD65: =N$5*((O65/O$5)/(S65/S$5))*((T65/T$5)/(R65/R$5)) -> 2.0955158 | AE65: =AD65/N65 -> 2.0955158 | AF65: =AE65/AE$5 -> 2.2869115 | AG65: =N65*AF65 -> 2.2869115 | AH65: =N$5*((O65/O$5)/(S65/S$5)) -> 1.8892737 | AI65: =AH65/N65 -> 1.8892737 | AJ65: =AI65/AI$5 -> 2.070444 | AK65: =N65*AJ65 -> 2.070444 | AM65: =Y65/C65-1 -> 0.22274694 | AN65: =AC65/C65-1 -> 0.13081721 | AO65: =AG65/C65-1 -> 0.15500581
A66: 1995 | B66: 0.99 | C66: 2.07 | D66: 2.11 | G66: 243186 | H66: 246766.67 | I66: =H66/H$68*100 -> 86.381324 | J66: 11790430 | K66: =J66/J$68*100 -> 94.494776 | L66: =I66/K66*100 -> 91.413861 | N66: 0.99 | O66: 0.68143068 | P66: =L66 -> 91.413861 | Q66: 94.003401 | R66: 86.088607 | S66: 1.055 | T66: 67.698 | V66: =N$5*((O66/O$5)/(S66/S$5))*((T66/T$5)/(P66/P$5)) -> 2.2373109 | W66: =V66/N66 -> 2.25991 | X66: =W66/W$5 -> 2.4663208 | Y66: =N66*X66 -> 2.4416576 | Z66: =N$5*((O66/O$5)/(S66/S$5))*((T66/T$5)/(Q66/Q$5)) -> 2.2090438 | AA66: =Z66/N66 -> 2.2313574 | AB66: =AA66/AA$5 -> 2.4351603 | AC66: =N66*AB66 -> 2.4108087 | AD66: =N$5*((O66/O$5)/(S66/S$5))*((T66/T$5)/(R66/R$5)) -> 2.2799223 | AE66: =AD66/N66 -> 2.3029518 | AF66: =AE66/AE$5 -> 2.5132938 | AG66: =N66*AF66 -> 2.4881609 | AH66: =N$5*((O66/O$5)/(S66/S$5)) -> 1.8993715 | AI66: =AH66/N66 -> 1.9185571 | AJ66: =AI66/AI$5 -> 2.1025355 | AK66: =N66*AJ66 -> 2.0815101 | AM66: =Y66/C66-1 -> 0.17954474 | AN66: =AC66/C66-1 -> 0.1646419 | AO66: =AG66/C66-1 -> 0.20201009
A67: 1996 | B67: 1 | C67: 1.89 | D67: 2.06 | G67: 256626 | H67: 262314.74 | I67: =H67/H$68*100 -> 91.823966 | J67: 11795626 | K67: =J67/J$68*100 -> 94.536425 | L67: =I67/K67*100 -> 97.130779 | N67: 1 | O67: 0.68249151 | P67: =L67 -> 97.130779 | Q67: 98.592739 | R67: 93.064174 | S67: 1.086 | T67: 69.973 | V67: =N$5*((O67/O$5)/(S67/S$5))*((T67/T$5)/(P67/P$5)) -> 2.1175535 | W67: =V67/N67 -> 2.1175535 | X67: =W67/W$5 -> 2.310962 | Y67: =N67*X67 -> 2.310962 | Z67: =N$5*((O67/O$5)/(S67/S$5))*((T67/T$5)/(Q67/Q$5)) -> 2.1181457 | AA67: =Z67/N67 -> 2.1181457 | AB67: =AA67/AA$5 -> 2.3116083 | AC67: =N67*AB67 -> 2.3116083 | AD67: =N$5*((O67/O$5)/(S67/S$5))*((T67/T$5)/(R67/R$5)) -> 2.1209775 | AE67: =AD67/N67 -> 2.1209775 | AF67: =AE67/AE$5 -> 2.3146987 | AG67: =N67*AF67 -> 2.3146987 | AH67: =N$5*((O67/O$5)/(S67/S$5)) -> 1.8480262 | AI67: =AH67/N67 -> 1.8480262 | AJ67: =AI67/AI$5 -> 2.0252411 | AK67: =N67*AJ67 -> 2.0252411 | AM67: =Y67/C67-1 -> 0.22273123 | AN67: =AC67/C67-1 -> 0.2230732 | AO67: =AG67/C67-1 -> 0.22470832
A68: 1997 | B68: 1 | C68: 1.79 | D68: 2.02 | G68: 277441 | H68: 285671.33 | I68: =H68/H$68*100 -> 100 | J68: 12477335 | K68: =J68/J$68*100 -> 100 | L68: =I68/K68*100 -> 100 | N68: 1 | O68: 0.68609908 | P68: =L68 -> 100 | Q68: 100 | R68: 100 | S68: 1.111 | T68: 72.126 | V68: =N$5*((O68/O$5)/(S68/S$5))*((T68/T$5)/(P68/P$5)) -> 2.0833295 | W68: =V68/N68 -> 2.0833295 | X68: =W68/W$5 -> 2.2736121 | Y68: =N68*X68 -> 2.2736121 | Z68: =N$5*((O68/O$5)/(S68/S$5))*((T68/T$5)/(Q68/Q$5)) -> 2.1152781 | AA68: =Z68/N68 -> 2.1152781 | AB68: =AA68/AA$5 -> 2.3084788 | AC68: =N68*AB68 -> 2.3084788 | AD68: =N$5*((O68/O$5)/(S68/S$5))*((T68/T$5)/(R68/R$5)) -> 1.9993337 | AE68: =AD68/N68 -> 1.9993337 | AF68: =AE68/AE$5 -> 2.1819445 | AG68: =N68*AF68 -> 2.1819445 | AH68: =N$5*((O68/O$5)/(S68/S$5)) -> 1.8159901 | AI68: =AH68/N68 -> 1.8159901 | AJ68: =AI68/AI$5 -> 1.9901329 | AK68: =N68*AJ68 -> 1.9901329 | AM68: =Y68/C68-1 -> 0.27017438 | AN68: =AC68/C68-1 -> 0.28965295 | AO68: =AG68/C68-1 -> 0.21896342
A69: 1998 | B69: 1 | C69: 1.8 | D69: 2.01 | G69: 288123 | H69: 298846.23 | I69: =H69/H$68*100 -> 104.61191 | J69: 12891218 | K69: =J69/J$68*100 -> 103.31708 | L69: =I69/K69*100 -> 101.25326 | N69: 1 | O69: 0.6924432 | P69: =L69 -> 101.25326 | Q69: 105.40486 | R69: 104.37148 | S69: 1.128 | T69: 74.402 | V69: =N$5*((O69/O$5)/(S69/S$5))*((T69/T$5)/(P69/P$5)) -> 2.1098131 | W69: =V69/N69 -> 2.1098131 | X69: =W69/W$5 -> 2.3025147 | Y69: =N69*X69 -> 2.3025147 | Z69: =N$5*((O69/O$5)/(S69/S$5))*((T69/T$5)/(Q69/Q$5)) -> 2.0577939 | AA69: =Z69/N69 -> 2.0577939 | AB69: =AA69/AA$5 -> 2.2457442 | AC69: =N69*AB69 -> 2.2457442 | AD69: =N$5*((O69/O$5)/(S69/S$5))*((T69/T$5)/(R69/R$5)) -> 1.9642578 | AE69: =AD69/N69 -> 1.9642578 | AF69: =AE69/AE$5 -> 2.1436649 | AG69: =N69*AF69 -> 2.1436649 | AH69: =N$5*((O69/O$5)/(S69/S$5)) -> 1.8051602 | AI69: =AH69/N69 -> 1.8051602 | AJ69: =AI69/AI$5 -> 1.9782645 | AK69: =N69*AJ69 -> 1.9782645 | AM69: =Y69/C69-1 -> 0.27917481 | AN69: =AC69/C69-1 -> 0.24763566 | AO69: =AG69/C69-1 -> 0.19092495
A70: 1999 | B70: 1 | C70: 1.85 | D70: 1.94 | G70: 278369 | H70: 290846.72 | I70: =H70/H$68*100 -> 101.81166 | J70: 13046250 | K70: =J70/J$68*100 -> 104.55959 | L70: =I70/K70*100 -> 97.371896 | N70: 1 | O70: 0.68436463 | P70: =L70 -> 97.371896 | Q70: 96.727279 | R70: 100.86458 | S70: 1.153 | T70: 76.767 | V70: =N$5*((O70/O$5)/(S70/S$5))*((T70/T$5)/(P70/P$5)) -> 2.1887317 | W70: =V70/N70 -> 2.1887317 | X70: =W70/W$5 -> 2.3886413 | Y70: =N70*X70 -> 2.3886413 | Z70: =N$5*((O70/O$5)/(S70/S$5))*((T70/T$5)/(Q70/Q$5)) -> 2.2371066 | AA70: =Z70/N70 -> 2.2371066 | AB70: =AA70/AA$5 -> 2.4414347 | AC70: =N70*AB70 -> 2.4414347 | AD70: =N$5*((O70/O$5)/(S70/S$5))*((T70/T$5)/(R70/R$5)) -> 2.0277517 | AE70: =AD70/N70 -> 2.0277517 | AF70: =AE70/AE$5 -> 2.2129582 | AG70: =N70*AF70 -> 2.2129582 | AH70: =N$5*((O70/O$5)/(S70/S$5)) -> 1.745416 | AI70: =AH70/N70 -> 1.745416 | AJ70: =AI70/AI$5 -> 1.9127911 | AK70: =N70*AJ70 -> 1.9127911 | AM70: =Y70/C70-1 -> 0.29115748 | AN70: =AC70/C70-1 -> 0.31969441 | AO70: =AG70/C70-1 -> 0.1961936
A71: 2000 | B71: 1 | C71: 1.74 | D71: 1.86 | G71: 276173 | H71: 290668.44 | I71: =H71/H$68*100 -> 101.74925 | J71: 13095489 | K71: =J71/J$68*100 -> 104.95422 | L71: =I71/K71*100 -> 96.946319 | N71: 1 | O71: 0.67793771 | P71: =L71 -> 96.946319 | Q71: 105.26128 | R71: 109.76361 | S71: 1.192 | T71: 79.175 | V71: =N$5*((O71/O$5)/(S71/S$5))*((T71/T$5)/(P71/P$5)) -> 2.1725192 | W71: =V71/N71 -> 2.1725192 | X71: =W71/W$5 -> 2.3709481 | Y71: =N71*X71 -> 2.3709481 | Z71: =N$5*((O71/O$5)/(S71/S$5))*((T71/T$5)/(Q71/Q$5)) -> 2.0315887 | AA71: =Z71/N71 -> 2.0315887 | AB71: =AA71/AA$5 -> 2.2171456 | AC71: =N71*AB71 -> 2.2171456 | AD71: =N$5*((O71/O$5)/(S71/S$5))*((T71/T$5)/(R71/R$5)) -> 1.8414668 | AE71: =AD71/N71 -> 1.8414668 | AF71: =AE71/AE$5 -> 2.0096587 | AG71: =N71*AF71 -> 2.0096587 | AH71: =N$5*((O71/O$5)/(S71/S$5)) -> 1.6724542 | AI71: =AH71/N71 -> 1.6724542 | AJ71: =AI71/AI$5 -> 1.8328327 | AK71: =N71*AJ71 -> 1.8328327 | AM71: =Y71/C71-1 -> 0.36261383 | AN71: =AC71/C71-1 -> 0.27422159 | AO71: =AG71/C71-1 -> 0.15497625
A72: 2001 | B72: 1 | C72: 1.79 | D72: 1.79 | G72: 263997 | H72: 279891.36 | I72: =H72/H$68*100 -> 97.976706 | J72: 12745436 | K72: =J72/J$68*100 -> 102.1487 | L72: =I72/K72*100 -> 95.915761 | N72: 1 | O72: 0.67071426 | P72: =L72 -> 95.915761 | Q72: 105.24287 | R72: 108.941 | S72: 1.226 | T72: 79.395 | V72: =N$5*((O72/O$5)/(S72/S$5))*((T72/T$5)/(P72/P$5)) -> 2.118086 | W72: =V72/N72 -> 2.118086 | X72: =W72/W$5 -> 2.3115431 | Y72: =N72*X72 -> 2.3115431 | Z72: =N$5*((O72/O$5)/(S72/S$5))*((T72/T$5)/(Q72/Q$5)) -> 1.9599744 | AA72: =Z72/N72 -> 1.9599744 | AB72: =AA72/AA$5 -> 2.1389903 | AC72: =N72*AB72 -> 2.1389903 | AD72: =N$5*((O72/O$5)/(S72/S$5))*((T72/T$5)/(R72/R$5)) -> 1.7896558 | AE72: =AD72/N72 -> 1.7896558 | AF72: =AE72/AE$5 -> 1.9531155 | AG72: =N72*AF72 -> 1.9531155 | AH72: =N$5*((O72/O$5)/(S72/S$5)) -> 1.6087471 | AI72: =AH72/N72 -> 1.6087471 | AJ72: =AI72/AI$5 -> 1.7630165 | AK72: =N72*AJ72 -> 1.7630165 | AM72: =Y72/C72-1 -> 0.29136488 | AN72: =AC72/C72-1 -> 0.19496666 | AO72: =AG72/C72-1 -> 0.091125973
A73: 2002 | B73: 3.14 | C73: 2.4 | D73: 2.22 | G73: 235236 | H73: 251227.95 | I73: =H73/H$68*100 -> 87.943004 | J73: 12486027 | K73: =J73/J$68*100 -> 100.06966 | L73: =I73/K73*100 -> 87.881783 | N73: 3.14 | O73: 0.84421828 | P73: =L73 -> 87.881783 | Q73: 131.5327 | R73: 133.80529 | S73: 1.245 | T73: 82.658 | V73: =N$5*((O73/O$5)/(S73/S$5))*((T73/T$5)/(P73/P$5)) -> 2.9830791 | W73: =V73/N73 -> 0.95002519 | X73: =W73/W$5 -> 1.0367965 | Y73: =N73*X73 -> 3.2555412 | Z73: =N$5*((O73/O$5)/(S73/S$5))*((T73/T$5)/(Q73/Q$5)) -> 2.0236686 | AA73: =Z73/N73 -> 0.64448044 | AB73: =AA73/AA$5 -> 0.7033446 | AC73: =N73*AB73 -> 2.2085021 | AD73: =N$5*((O73/O$5)/(S73/S$5))*((T73/T$5)/(R73/R$5)) -> 1.880259 | AE73: =AD73/N73 -> 0.5988086 | AF73: =AE73/AE$5 -> 0.65350129 | AG73: =N73*AF73 -> 2.051994 | AH73: =N$5*((O73/O$5)/(S73/S$5)) -> 1.9940044 | AI73: =AH73/N73 -> 0.63503324 | AJ73: =AI73/AI$5 -> 0.69592919 | AK73: =N73*AJ73 -> 2.1852177 | AM73: =Y73/C73-1 -> 0.35647548 | AN73: =AC73/C73-1 -> -0.07979081 | AO73: =AG73/C73-1 -> -0.14500248
A74: 2003 | B74: 2.93 | C74: 2.53 | D74: 2.46 | G74: 256023 | H74: 275434.64 | I74: =H74/H$68*100 -> 96.41662 | J74: 14106348 | K74: =J74/J$68*100 -> 113.05578 | L74: =I74/K74*100 -> 85.282347 | N74: 2.93 | O74: 0.95770776 | P74: =L74 -> 85.282347 | Q74: 128.7609 | R74: 140.48616 | S74: 1.273 | T74: 85.993 | V74: =N$5*((O74/O$5)/(S74/S$5))*((T74/T$5)/(P74/P$5)) -> 3.5481494 | W74: =V74/N74 -> 1.2109725 | X74: =W74/W$5 -> 1.3215777 | Y74: =N74*X74 -> 3.8722226 | Z74: =N$5*((O74/O$5)/(S74/S$5))*((T74/T$5)/(Q74/Q$5)) -> 2.3860884 | AA74: =Z74/N74 -> 0.81436463 | AB74: =AA74/AA$5 -> 0.88874531 | AC74: =N74*AB74 -> 2.6040238 | AD74: =N$5*((O74/O$5)/(S74/S$5))*((T74/T$5)/(R74/R$5)) -> 2.0670682 | AE74: =AD74/N74 -> 0.70548404 | AF74: =AE74/AE$5 -> 0.76992002 | AG74: =N74*AF74 -> 2.2558657 | AH74: =N$5*((O74/O$5)/(S74/S$5)) -> 2.2123066 | AI74: =AH74/N74 -> 0.75505343 | AJ74: =AI74/AI$5 -> 0.82745862 | AK74: =N74*AJ74 -> 2.4244537 | AM74: =Y74/C74-1 -> 0.53052276 | AN74: =AC74/C74-1 -> 0.029258408 | AO74: =AG74/C74-1 -> -0.1083535
A75: 2004 | B75: 2.93 | C75: 2.64 | D75: 2.5 | G75: 279141 | H75: 302507.92 | I75: =H75/H$68*100 -> 105.89369 | J75: 15084791 | K75: =J75/J$68*100 -> 120.89754 | L75: =I75/K75*100 -> 87.589618 | N75: 2.93 | O75: 1 | P75: =L75 -> 87.589618 | Q75: 146.52488 | R75: 153.99498 | S75: 1.307 | T75: 89.354 | V75: =N$5*((O75/O$5)/(S75/S$5))*((T75/T$5)/(P75/P$5)) -> 3.650725 | W75: =V75/N75 -> 1.2459812 | X75: =W75/W$5 -> 1.359784 | Y75: =N75*X75 -> 3.984167 | Z75: =N$5*((O75/O$5)/(S75/S$5))*((T75/T$5)/(Q75/Q$5)) -> 2.2157965 | AA75: =Z75/N75 -> 0.75624453 | AB75: =AA75/AA$5 -> 0.82531677 | AC75: =N75*AB75 -> 2.4181781 | AD75: =N$5*((O75/O$5)/(S75/S$5))*((T75/T$5)/(R75/R$5)) -> 1.9927485 | AE75: =AD75/N75 -> 0.68011895 | AF75: =AE75/AE$5 -> 0.74223819 | AG75: =N75*AF75 -> 2.1747579 | AH75: =N$5*((O75/O$5)/(S75/S$5)) -> 2.2499099 | AI75: =AH75/N75 -> 0.76788732 | AJ75: =AI75/AI$5 -> 0.8415232 | AK75: =N75*AJ75 -> 2.465663 | AM75: =Y75/C75-1 -> 0.50915417 | AN75: =AC75/C75-1 -> -0.084023438 | AO75: =AG75/C75-1 -> -0.17622807
A76: =A75+1 -> 2005 | H76: 329284.89 | I76: =H76/H$68*100 -> 115.26704 | J76: 15543935 | K76: =J76/J$68*100 -> 124.57737 | L76: =I76/K76*100 -> 92.526472 | N76: 2.9284167 | O76: 1.096424 | P76: =L76 -> 92.526472 | Q76: 142.18761 | R76: 154.65523 | S76: 1.3518099 | T76: 91.373 | V76: =N$5*((O76/O$5)/(S76/S$5))*((T76/T$5)/(P76/P$5)) -> 3.7463481 | W76: =V76/N76 -> 1.2793084 | X76: =W76/W$5 -> 1.3961551 | Y76: =N76*X76 -> 4.088524 | Z76: =N$5*((O76/O$5)/(S76/S$5))*((T76/T$5)/(Q76/Q$5)) -> 2.475266 | AA76: =Z76/N76 -> 0.84525745 | AB76: =AA76/AA$5 -> 0.92245976 | AC76: =N76*AB76 -> 2.7013465 | AD76: =N$5*((O76/O$5)/(S76/S$5))*((T76/T$5)/(R76/R$5)) -> 2.1509823 | AE76: =AD76/N76 -> 0.73452057 | AF76: =AE76/AE$5 -> 0.80160863 | AG76: =N76*AF76 -> 2.3474441 | AH76: =N$5*((O76/O$5)/(S76/S$5)) -> 2.3850837 | AI76: =AH76/N76 -> 0.81446186 | AJ76: =AI76/AI$5 -> 0.89256396 | AK76: =N76*AJ76 -> 2.6137992 | AM76: =Y76/C76-1 -> #DIV/0! | AN76: =AC76/C76-1 -> #DIV/0! | AO76: =AG76/C76-1 -> #DIV/0!
A77: =A76+1 -> 2006 | H77: 355782.94 | I77: =H77/H$68*100 -> 124.54276 | J77: 16084329 | K77: =J77/J$68*100 -> 128.90837 | L77: =I77/K77*100 -> 96.613394 | N77: 3.07775 | O77: 1.2089396 | P77: =L77 -> 96.613394 | Q77: 144.27253 | R77: 156.92362 | S77: 1.3954826 | T77: 93.029 | V77: =N$5*((O77/O$5)/(S77/S$5))*((T77/T$5)/(P77/P$5)) -> 3.901706 | W77: =V77/N77 -> 1.2677137 | X77: =W77/W$5 -> 1.3835014 | Y77: =N77*X77 -> 4.2580716 | Z77: =N$5*((O77/O$5)/(S77/S$5))*((T77/T$5)/(Q77/Q$5)) -> 2.6528808 | AA77: =Z77/N77 -> 0.86195462 | AB77: =AA77/AA$5 -> 0.94068197 | AC77: =N77*AB77 -> 2.8951839 | AD77: =N$5*((O77/O$5)/(S77/S$5))*((T77/T$5)/(R77/R$5)) -> 2.3053182 | AE77: =AD77/N77 -> 0.74902712 | AF77: =AE77/AE$5 -> 0.81744015 | AG77: =N77*AF77 -> 2.5158764 | AH77: =N$5*((O77/O$5)/(S77/S$5)) -> 2.5475393 | AI77: =AH77/N77 -> 0.82772782 | AJ77: =AI77/AI$5 -> 0.90710205 | AK77: =N77*AJ77 -> 2.7918333 | AM77: =Y77/C77-1 -> #DIV/0! | AN77: =AC77/C77-1 -> #DIV/0! | AO77: =AG77/C77-1 -> #DIV/0!
A78: =A77+1 -> 2007 | H78: 387830.63 | I78: =H78/H$68*100 -> 135.76113 | J78: 16405583 | K78: =J78/J$68*100 -> 131.48307 | L78: =I78/K78*100 -> 103.2537 | N78: 3.1191667 | O78: 1.4301886 | P78: =L78 -> 103.2537 | Q78: 154.87346 | R78: 168.45438 | S78: 1.4352526 | T78: 93.396 | V78: =N$5*((O78/O$5)/(S78/S$5))*((T78/T$5)/(P78/P$5)) -> 4.2158093 | W78: =V78/N78 -> 1.3515819 | X78: =W78/W$5 -> 1.4750298 | Y78: =N78*X78 -> 4.6008638 | Z78: =N$5*((O78/O$5)/(S78/S$5))*((T78/T$5)/(Q78/Q$5)) -> 2.8537707 | AA78: =Z78/N78 -> 0.91491447 | AB78: =AA78/AA$5 -> 0.99847896 | AC78: =N78*AB78 -> 3.1144223 | AD78: =N$5*((O78/O$5)/(S78/S$5))*((T78/T$5)/(R78/R$5)) -> 2.4798853 | AE78: =AD78/N78 -> 0.79504739 | AF78: =AE78/AE$5 -> 0.86766371 | AG78: =N78*AF78 -> 2.7063877 | AH78: =N$5*((O78/O$5)/(S78/S$5)) -> 2.9302568 | AI78: =AH78/N78 -> 0.93943577 | AJ78: =AI78/AI$5 -> 1.0295221 | AK78: =N78*AJ78 -> 3.2112511 | AM78: =Y78/C78-1 -> #DIV/0! | AN78: =AC78/C78-1 -> #DIV/0! | AO78: =AG78/C78-1 -> #DIV/0!
A79: =A78+1 -> 2008 | H79: 403565.82 | I79: =H79/H$68*100 -> 141.26928 | J79: 16578582 | K79: =J79/J$68*100 -> 132.86958 | L79: =I79/K79*100 -> 106.32176 | N79: 3.1831667 | O79: 1.8171998 | P79: =L79 -> 106.32176 | Q79: 155.51686 | R79: 169.15405 | S79: 1.490271 | T79: 94.394 | V79: =N$5*((O79/O$5)/(S79/S$5))*((T79/T$5)/(P79/P$5)) -> 5.0635254 | W79: =V79/N79 -> 1.5907195 | X79: =W79/W$5 -> 1.7360093 | Y79: =N79*X79 -> 5.5260068 | Z79: =N$5*((O79/O$5)/(S79/S$5))*((T79/T$5)/(Q79/Q$5)) -> 3.5148533 | AA79: =Z79/N79 -> 1.1042002 | AB79: =AA79/AA$5 -> 1.2050533 | AC79: =N79*AB79 -> 3.8358854 | AD79: =N$5*((O79/O$5)/(S79/S$5))*((T79/T$5)/(R79/R$5)) -> 3.0543591 | AE79: =AD79/N79 -> 0.95953476 | AF79: =AE79/AE$5 -> 1.0471747 | AG79: =N79*AF79 -> 3.3333315 | AH79: =N$5*((O79/O$5)/(S79/S$5)) -> 3.5857347 | AI79: =AH79/N79 -> 1.1264678 | AJ79: =AI79/AI$5 -> 1.2344894 | AK79: =N79*AJ79 -> 3.9295855 | AM79: =Y79/C79-1 -> #DIV/0! | AN79: =AC79/C79-1 -> #DIV/0! | AO79: =AG79/C79-1 -> #DIV/0!
A80: =A79+1 -> 2009 | H80: 379680.68 | I80: =H80/H$68*100 -> 132.90822 | J80: 16786650 | K80: =J80/J$68*100 -> 134.53715 | L80: =I80/K80*100 -> 98.789237 | N80: 3.75 | O80: 2.0822574 | P80: =L80 -> 98.789237 | Q80: 136.68539 | R80: 154.23329 | S80: 1.4851002 | T80: 95.432 | V80: =N$5*((O80/O$5)/(S80/S$5))*((T80/T$5)/(P80/P$5)) -> 6.3351424 | W80: =V80/N80 -> 1.6893713 | X80: =W80/W$5 -> 1.8436715 | Y80: =N80*X80 -> 6.913768 | Z80: =N$5*((O80/O$5)/(S80/S$5))*((T80/T$5)/(Q80/Q$5)) -> 4.6489346 | AA80: =Z80/N80 -> 1.2397159 | AB80: =AA80/AA$5 -> 1.3529464 | AC80: =N80*AB80 -> 5.0735489 | AD80: =N$5*((O80/O$5)/(S80/S$5))*((T80/T$5)/(R80/R$5)) -> 3.8941727 | AE80: =AD80/N80 -> 1.038446 | AF80: =AE80/AE$5 -> 1.1332934 | AG80: =N80*AF80 -> 4.2498502 | AH80: =N$5*((O80/O$5)/(S80/S$5)) -> 4.1230572 | AI80: =AH80/N80 -> 1.0994819 | AJ80: =AI80/AI$5 -> 1.2049158 | AK80: =N80*AJ80 -> 4.5184341 | AM80: =Y80/C80-1 -> #DIV/0! | AN80: =AC80/C80-1 -> #DIV/0! | AO80: =AG80/C80-1 -> #DIV/0!
A81: =A80+1 -> 2010 | H81: 418124.86 | I81: =H81/H$68*100 -> 146.36571 | J81: 17009649 | K81: =J81/J$68*100 -> 136.32438 | L81: =I81/K81*100 -> 107.36576 | N81: 3.89 | O81: 2.5630419 | P81: =L81 -> 107.36576 | Q81: 145.83817 | R81: 161.59825 | S81: 1.5094977 | T81: 99.373 | V81: =N$5*((O81/O$5)/(S81/S$5))*((T81/T$5)/(P81/P$5)) -> 7.3505387 | W81: =V81/N81 -> 1.8895986 | X81: =W81/W$5 -> 2.0621867 | Y81: =N81*X81 -> 8.0219064 | Z81: =N$5*((O81/O$5)/(S81/S$5))*((T81/T$5)/(Q81/Q$5)) -> 5.4944382 | AA81: =Z81/N81 -> 1.412452 | AB81: =AA81/AA$5 -> 1.5414595 | AC81: =N81*AB81 -> 5.9962773 | AD81: =N$5*((O81/O$5)/(S81/S$5))*((T81/T$5)/(R81/R$5)) -> 4.6867917 | AE81: =AD81/N81 -> 1.2048308 | AF81: =AE81/AE$5 -> 1.314875 | AG81: =N81*AF81 -> 5.1148637 | AH81: =N$5*((O81/O$5)/(S81/S$5)) -> 4.9930275 | AI81: =AH81/N81 -> 1.2835546 | AJ81: =AI81/AI$5 -> 1.40664 | AK81: =N81*AJ81 -> 5.4718294 | AM81: =Y81/C81-1 -> #DIV/0! | AN81: =AC81/C81-1 -> #DIV/0! | AO81: =AG81/C81-1 -> #DIV/0!
A82: =A81+1 -> 2011 | H82: 443228.87 | I82: =H82/H$68*100 -> 155.15343 | J82: 17455592 | K82: =J82/J$68*100 -> 139.89841 | L82: =I82/K82*100 -> 110.90436 | N82: 4.11 | O82: 3.1636717 | P82: =L82 -> 110.90436 | Q82: 150.39454 | R82: 164.73475 | S82: 1.5570928 | T82: 99.141 | V82: =N$5*((O82/O$5)/(S82/S$5))*((T82/T$5)/(P82/P$5)) -> 8.4952254 | W82: =V82/N82 -> 2.0669648 | X82: =W82/W$5 -> 2.2557528 | Y82: =N82*X82 -> 9.271144 | Z82: =N$5*((O82/O$5)/(S82/S$5))*((T82/T$5)/(Q82/Q$5)) -> 6.3606421 | AA82: =Z82/N82 -> 1.5476015 | AB82: =AA82/AA$5 -> 1.688953 | AC82: =N82*AB82 -> 6.9415967 | AD82: =N$5*((O82/O$5)/(S82/S$5))*((T82/T$5)/(R82/R$5)) -> 5.4886514 | AE82: =AD82/N82 -> 1.3354383 | AF82: =AE82/AE$5 -> 1.4574117 | AG82: =N82*AF82 -> 5.989962 | AH82: =N$5*((O82/O$5)/(S82/S$5)) -> 5.9747207 | AI82: =AH82/N82 -> 1.4537033 | AJ82: =AI82/AI$5 -> 1.5931049 | AK82: =N82*AJ82 -> 6.5476613 | AM82: =Y82/C82-1 -> #DIV/0! | AN82: =AC82/C82-1 -> #DIV/0! | AO82: =AG82/C82-1 -> #DIV/0!
A83: =A82+1 -> 2012 | H83: 438679.48 | I83: =H83/H$68*100 -> 153.56091 | J83: 17611929 | K83: =J83/J$68*100 -> 141.15137 | L83: =I83/K83*100 -> 108.79165 | N83: 4.5525185 | O83: 3.9120057 | P83: =L83 -> 108.79165 | Q83: 138.07466 | R83: 162.69797 | S83: 1.5893562 | T83: 100 | V83: =N$5*((O83/O$5)/(S83/S$5))*((T83/T$5)/(P83/P$5)) -> 10.582201 | W83: =V83/N83 -> 2.3244717 | X83: =W83/W$5 -> 2.5367793 | Y83: =N83*X83 -> 11.548735 | Z83: =N$5*((O83/O$5)/(S83/S$5))*((T83/T$5)/(Q83/Q$5)) -> 8.4657823 | AA83: =Z83/N83 -> 1.8595822 | AB83: =AA83/AA$5 -> 2.0294287 | AC83: =N83*AB83 -> 9.2390117 | AD83: =N$5*((O83/O$5)/(S83/S$5))*((T83/T$5)/(R83/R$5)) -> 6.7907344 | AE83: =AD83/N83 -> 1.4916435 | AF83: =AE83/AE$5 -> 1.627884 | AG83: =N83*AF83 -> 7.4109719 | AH83: =N$5*((O83/O$5)/(S83/S$5)) -> 7.238006 | AI83: =AH83/N83 -> 1.5898905 | AJ83: =AI83/AI$5 -> 1.7423517 | AK83: =N83*AJ83 -> 7.9320882 | AM83: =Y83/C83-1 -> #DIV/0! | AN83: =AC83/C83-1 -> #DIV/0! | AO83: =AG83/C83-1 -> #DIV/0!
A84: =A83+1 -> 2013 | H84: 449231.14 | I84: =H84/H$68*100 -> 157.25454 | J84: 17759123 | K84: =J84/J$68*100 -> 142.33106 | L84: =I84/K84*100 -> 110.48505 | N84: 5.49 | O84: 4.9091424 | P84: =L84 -> 110.48505 | Q84: 138.02823 | R84: 160.76765 | S84: 1.6126493 | T84: 100.833 | V84: =N$5*((O84/O$5)/(S84/S$5))*((T84/T$5)/(P84/P$5)) -> 12.994459 | W84: =V84/N84 -> 2.3669324 | X84: =W84/W$5 -> 2.5831182 | Y84: =N84*X84 -> 14.181319 | Z84: =N$5*((O84/O$5)/(S84/S$5))*((T84/T$5)/(Q84/Q$5)) -> 10.560958 | AA84: =Z84/N84 -> 1.9236717 | AB84: =AA84/AA$5 -> 2.0993719 | AC84: =N84*AB84 -> 11.525552 | AD84: =N$5*((O84/O$5)/(S84/S$5))*((T84/T$5)/(R84/R$5)) -> 8.5701889 | AE84: =AD84/N84 -> 1.5610545 | AF84: =AE84/AE$5 -> 1.7036347 | AG84: =N84*AF84 -> 9.3529544 | AH84: =N$5*((O84/O$5)/(S84/S$5)) -> 8.9517184 | AI84: =AH84/N84 -> 1.6305498 | AJ84: =AI84/AI$5 -> 1.7869099 | AK84: =N84*AJ84 -> 9.8101355 | AM84: =Y84/C84-1 -> #DIV/0! | AN84: =AC84/C84-1 -> #DIV/0! | AO84: =AG84/C84-1 -> #DIV/0!
A85: =A84+1 -> 2014 | H85: 437943.69 | I85: =H85/H$68*100 -> 153.30334 | J85: 17518265 | K85: =J85/J$68*100 -> 140.4007 | L85: =I85/K85*100 -> 109.18987 | N85: 8.1236 | O85: 6.8027962 | P85: =L85 -> 109.18987 | Q85: 135.04194 | R85: 158.33275 | S85: 1.6387851 | T85: 101.436 | V85: =N$5*((O85/O$5)/(S85/S$5))*((T85/T$5)/(P85/P$5)) -> 18.037176 | W85: =V85/N85 -> 2.2203427 | X85: =W85/W$5 -> 2.4231396 | Y85: =N85*X85 -> 19.684616 | Z85: =N$5*((O85/O$5)/(S85/S$5))*((T85/T$5)/(Q85/Q$5)) -> 14.807841 | AA85: =Z85/N85 -> 1.8228176 | AB85: =AA85/AA$5 -> 1.9893062 | AC85: =N85*AB85 -> 16.160328 | AD85: =N$5*((O85/O$5)/(S85/S$5))*((T85/T$5)/(R85/R$5)) -> 11.937337 | AE85: =AD85/N85 -> 1.4694639 | AF85: =AE85/AE$5 -> 1.6036787 | AG85: =N85*AF85 -> 13.027644 | AH85: =N$5*((O85/O$5)/(S85/S$5)) -> 12.206922 | AI85: =AH85/N85 -> 1.5026493 | AJ85: =AI85/AI$5 -> 1.6467445 | AK85: =N85*AJ85 -> 13.377494 | AM85: =Y85/C85-1 -> #DIV/0! | AN85: =AC85/C85-1 -> #DIV/0! | AO85: =AG85/C85-1 -> #DIV/0!
A86: =A85+1 -> 2015 | H86: 449904.63 | I86: =H86/H$68*100 -> 157.4903 | J86: 17747974 | K86: =J86/J$68*100 -> 142.24171 | L86: =I86/K86*100 -> 110.7202 | N86: 9.43 | O86: 8.5686951 | P86: =L86 -> 110.7202 | Q86: 145.11022 | R86: 160.5523 | S86: 1.647 | T86: 102.623 | V86: =N$5*((O86/O$5)/(S86/S$5))*((T86/T$5)/(P86/P$5)) -> 22.554452 | W86: =V86/N86 -> 2.3917764 | X86: =W86/W$5 -> 2.6102314 | Y86: =N86*X86 -> 24.614482 | Z86: =N$5*((O86/O$5)/(S86/S$5))*((T86/T$5)/(Q86/Q$5)) -> 17.473128 | AA86: =Z86/N86 -> 1.8529298 | AB86: =AA86/AA$5 -> 2.0221687 | AC86: =N86*AB86 -> 19.069051 | AD86: =N$5*((O86/O$5)/(S86/S$5))*((T86/T$5)/(R86/R$5)) -> 14.92691 | AE86: =AD86/N86 -> 1.5829173 | AF86: =AE86/AE$5 -> 1.7274944 | AG86: =N86*AF86 -> 16.290272 | AH86: =N$5*((O86/O$5)/(S86/S$5)) -> 15.298956 | AI86: =AH86/N86 -> 1.6223707 | AJ86: =AI86/AI$5 -> 1.7779465 | AK86: =N86*AJ86 -> 16.766036 | AM86: =Y86/C86-1 -> #DIV/0! | AN86: =AC86/C86-1 -> #DIV/0! | AO86: =AG86/C86-1 -> #DIV/0!
A87: =A86+1 -> 2016 | H87: 440545.14 | I87: =H87/H$68*100 -> 154.21399 | J87: 18045271 | K87: =J87/J$68*100 -> 144.6244 | L87: =I87/K87*100 -> 106.63068 | N87: 14.777446 | O87: 12.115232 | P87: =L87 -> 106.63068 | Q87: 137.28909 | R87: 151.66151 | S87: 1.6677771 | T87: 102.211 | V87: =N$5*((O87/O$5)/(S87/S$5))*((T87/T$5)/(P87/P$5)) -> 32.568857 | W87: =V87/N87 -> 2.2039571 | X87: =W87/W$5 -> 2.4052574 | Y87: =N87*X87 -> 35.543561 | Z87: =N$5*((O87/O$5)/(S87/S$5))*((T87/T$5)/(Q87/Q$5)) -> 25.683735 | AA87: =Z87/N87 -> 1.7380361 | AB87: =AA87/AA$5 -> 1.8967811 | AC87: =N87*AB87 -> 28.029581 | AD87: =N$5*((O87/O$5)/(S87/S$5))*((T87/T$5)/(R87/R$5)) -> 21.975393 | AE87: =AD87/N87 -> 1.48709 | AF87: =AE87/AE$5 -> 1.6229146 | AG87: =N87*AF87 -> 23.982534 | AH87: =N$5*((O87/O$5)/(S87/S$5)) -> 21.361633 | AI87: =AH87/N87 -> 1.4455565 | AJ87: =AI87/AI$5 -> 1.5841768 | AK87: =N87*AJ87 -> 23.410088 | AM87: =Y87/C87-1 -> #DIV/0! | AN87: =AC87/C87-1 -> #DIV/0! | AO87: =AG87/C87-1 -> #DIV/0!
... A93: =A92+1 -> 2022 | H93: 456049.69 | I93: =H93/H$68*100 -> 159.64139 | J93: 20343325 | K93: =J93/J$68*100 -> 163.04223 | L93: =I93/K93*100 -> 97.914137 | N93: 130.81164 | O93: 114.74034 | P93: =L93 -> 97.914137 | Q93: 129.67753 | R93: 137.79343 | S93: 2.0336219 | T93: 111.342 | V93: =N$5*((O93/O$5)/(S93/S$5))*((T93/T$5)/(P93/P$5)) -> 300.09093 | W93: =V93/N93 -> 2.294069 | X93: =W93/W$5 -> 2.5035998 | Y93: =N93*X93 -> 327.49999 | Z93: =N$5*((O93/O$5)/(S93/S$5))*((T93/T$5)/(Q93/Q$5)) -> 230.06102 | AA93: =Z93/N93 -> 1.7587198 | AB93: =AA93/AA$5 -> 1.919354 | AC93: =N93*AB93 -> 251.07384 | AD93: =N$5*((O93/O$5)/(S93/S$5))*((T93/T$5)/(R93/R$5)) -> 204.64308 | AE93: =AD93/N93 -> 1.5644103 | AF93: =AE93/AE$5 -> 1.7072971 | AG93: =N93*AF93 -> 223.33433 | AH93: =N$5*((O93/O$5)/(S93/S$5)) -> 165.91537 | AI93: =AH93/N93 -> 1.2683533 | AJ93: =AI93/AI$5 -> 1.3899809 | AK93: =N93*AJ93 -> 181.82568 | AM93: =Y93/C93-1 -> #DIV/0! | AN93: =AC93/C93-1 -> #DIV/0! | AO93: =AG93/C93-1 -> #DIV/0!
A94: =A93+1 -> 2023 | H94: 447586.38 | I94: =H94/H$68*100 -> 156.67879 | J94: 21087871 | K94: =J94/J$68*100 -> 169.00942 | L94: =I94/K94*100 -> 92.704177 | N94: 295.2949 | O94: 267.69791 | P94: =L94 -> 92.704177 | Q94: 115.23585 | R94: 114.61515 | S94: 2.0945627 | T94: =T93 -> 111.342 | V94: =N$5*((O94/O$5)/(S94/S$5))*((T94/T$5)/(P94/P$5)) -> 717.96731 | W94: =V94/N94 -> 2.431357 | X94: =W94/W$5 -> 2.653427 | Y94: =N94*X94 -> 783.54346 | Z94: =N$5*((O94/O$5)/(S94/S$5))*((T94/T$5)/(Q94/Q$5)) -> 586.44308 | AA94: =Z94/N94 -> 1.9859574 | AB94: =AA94/AA$5 -> 2.1673465 | AC94: =N94*AB94 -> 640.00636 | AD94: =N$5*((O94/O$5)/(S94/S$5))*((T94/T$5)/(R94/R$5)) -> 557.30029 | AE94: =AD94/N94 -> 1.8872669 | AF94: =AE94/AE$5 -> 2.059642 | AG94: =N94*AF94 -> 608.20178 | AH94: =N$5*((O94/O$5)/(S94/S$5)) -> 375.83076 | AI94: =AH94/N94 -> 1.2727303 | AJ94: =AI94/AI$5 -> 1.3947776 | AK94: =N94*AJ94 -> 411.87072 | AM94: =Y94/C94-1 -> #DIV/0! | AN94: =AC94/C94-1 -> #DIV/0! | AO94: =AG94/C94-1 -> #DIV/0!
A95: =A94+1 -> 2024 | H95: 441575.6 | I95: =H95/H$68*100 -> 154.5747 | J95: 21180438 | K95: =J95/J$68*100 -> 169.7513 | L95: =I95/K95*100 -> 91.059507 | N95: 959.27235 | O95: 855.79575 | P95: =L95 -> 91.059507 | Q95: =Q94 -> 115.23585 | R95: =R94 -> 114.61515 | S95: 2.1081294 | T95: =T94 -> 111.342 | V95: =N$5*((O95/O$5)/(S95/S$5))*((T95/T$5)/(P95/P$5)) -> 2321.6669 | W95: =V95/N95 -> 2.4202375 | X95: =W95/W$5 -> 2.6412919 | Y95: =N95*X95 -> 2533.7183 | Z95: =N$5*((O95/O$5)/(S95/S$5))*((T95/T$5)/(Q95/Q$5)) -> 1862.718 | AA95: =Z95/N95 -> 1.941803 | AB95: =AA95/AA$5 -> 2.1191593 | AC95: =N95*AB95 -> 2032.8509 | AD95: =N$5*((O95/O$5)/(S95/S$5))*((T95/T$5)/(R95/R$5)) -> 1770.1518 | AE95: =AD95/N95 -> 1.8453068 | AF95: =AE95/AE$5 -> 2.0138494 | AG95: =N95*AF95 -> 1931.8301 | AH95: =N$5*((O95/O$5)/(S95/S$5)) -> 1193.7505 | AI95: =AH95/N95 -> 1.2444333 | AJ95: =AI95/AI$5 -> 1.3637672 | AK95: =N95*AJ95 -> 1308.2241 | AM95: =Y95/C95-1 -> #DIV/0! | AN95: =AC95/C95-1 -> #DIV/0! | AO95: =AG95/C95-1 -> #DIV/0!

Sheet Hoja2
D3: 1.8829344
D4: 2.0336219 | E4: 296.797 | G4: 298.99
C5: jul | D5: 2.124208 | E5: 305.691 | F5: =E5/E4*D4 -> 2.0945627 | G5: 304.348
C6: ag | E6: 307.026 | F6: =E6/E5*F5 -> 2.10371
C7: sep | E7: 307.789 | F7: =E7/E6*F6 -> 2.108938
C8: oct | E8: 307.671 | F8: =E8/E7*F7 -> 2.1081294

Sheet Hoja3
C2: USA | D2: 100 | E2: 100
B3: 1990 | C3: 5.3979564 | D3: =D2*(1+(C3/100)) -> 105.39796 | E3: =D3/D$6 -> 0.90447072 | F3: 0.9045
B4: =B3+1 -> 1991 | C4: 4.234964 | D4: =D3*(1+(C4/100)) -> 109.86152 | E4: =D4/D$6 -> 0.94277473 | F4: 0.9426
B5: =B4+1 -> 1992 | C5: 3.0288197 | D5: =D4*(1+(C5/100)) -> 113.18903 | E5: =D5/D$6 -> 0.97132968 | F5: 0.9709
B6: =B5+1 -> 1993 | C6: 2.951657 | D6: =D5*(1+(C6/100)) -> 116.52998 | E6: =D6/D$6 -> 1 | F6: 1
B7: =B6+1 -> 1994 | C7: 2.6074416 | D7: =D6*(1+(C7/100)) -> 119.56843 | E7: =D7/D$6 -> 1.0260744 | F7: 1.026
B8: =B7+1 -> 1995 | C8: 2.8054197 | D8: =D7*(1+(C8/100)) -> 122.92283 | E8: =D8/D$6 -> 1.0548601 | F8: 1.055
B9: =B8+1 -> 1996 | C9: 2.9312042 | D9: =D8*(1+(C9/100)) -> 126.52595 | E9: =D9/D$6 -> 1.0857802 | F9: 1.086
B10: =B9+1 -> 1997 | C10: 2.3376899 | D10: =D9*(1+(C10/100)) -> 129.48373 | E10: =D10/D$6 -> 1.1111624 | F10: 1.111
B11: =B10+1 -> 1998 | C11: 1.5522791 | D11: =D10*(1+(C11/100)) -> 131.49368 | E11: =D11/D$6 -> 1.1284107 | F11: 1.128
B12: =B11+1 -> 1999 | C12: 2.1880272 | D12: =D11*(1+(C12/100)) -> 134.3708 | E12: =D12/D$6 -> 1.1531007 | F12: 1.153
B13: =B12+1 -> 2000 | C13: 3.3768573 | D13: =D12*(1+(C13/100)) -> 138.90831 | E13: =D13/D$6 -> 1.1920392 | F13: 1.192
B14: =B13+1 -> 2001 | C14: 2.8261711 | D14: =D13*(1+(C14/100)) -> 142.8341 | E14: =D14/D$6 -> 1.2257283 | F14: 1.226
B15: =B14+1 -> 2002 | C15: 1.5860316 | D15: =D14*(1+(C15/100)) -> 145.09949 | E15: =D15/D$6 -> 1.2451687 | F15: 1.245
... B35: =B34+1 -> 2022 | C35: 8.0027998 | D35: =D34*(1+(C35/100)) -> 236.07549 | E35: =D35/D$6 -> 2.0258777 | F35: 2.0336219
F36: 2.0945627
F37: 2.1081294
